"","size","rep","tau","delt","alph","mod","psi","r0","degAssort","clustering","pathLen","n_components","r","q","time_steps","peak_size","peak_time","tot_inf","prev_m","prev_f","prev_ratio","prev_l","r_actual"
"1",1000,1,0.1,"0.01",1,"i",0,3.06111668338348,-0.0104635620439791,0.0327005832368553,5,1,0,-0.00137320688243264,199.662747423093,14,0,127,NA,NA,Inf,96.0105540897098,-0.00277125828867084
"2",1000,1,0.1,"0.01",1,"i",0,3.30959545302574,0.00275203001469851,0.0470653601373876,6,1,0.6,0.31121931491566,199.863481050804,13,0,169,NA,NA,Inf,111.925696594427,0.623206659253171
"3",1000,2,0.1,"0.01",1,"i",0,3.03233032430625,-0.0105775195455304,0.0317871594429805,5,1,0,0.0202386698711984,199.514531335257,9,0,203,NA,NA,Inf,122.987244897959,0.0404872521050336
"4",1000,2,0.1,"0.01",1,"i",0,3.42657973921765,-0.0251812643456622,0.0479758803383778,8,1,0.6,0.315429417641088,198.878979321972,6,0,29,NA,NA,Inf,25.8144329896907,0.630880186003806
"5",1000,3,0.1,"0.01",1,"i",0,3.07572718154463,-0.0174435107741797,0.0324148051524539,5,1,0,-0.00947679548173103,199.307833493893,8,0,207,NA,NA,Inf,131.455947136564,-0.0189592336685969
"6",1000,3,0.1,"0.01",1,"i",0,3.33176195252424,-0.00519337558184165,0.0457286785144451,7,1,0.6,0.312403529545507,199.401386940792,7,0,69,NA,NA,Inf,43.6890756302521,0.626105340377575
"7",1000,4,0.1,"0.01",1,"i",0,3.02564359745904,-0.0251020364364839,0.0300341447782799,5,1,0,0.00711846673420455,199.513226568008,6,0,67,NA,NA,Inf,50.8577981651376,0.0142370159678754
"8",1000,4,0.1,"0.01",1,"i",0,3.29030424607155,0.0151880491956945,0.0473413065347058,7,1,0.6,0.315853156259149,199.868947466218,17,0,192,NA,NA,Inf,138.305429864253,0.632714598391399
"9",1000,5,0.1,"0.01",1,"i",0,3.01257104647275,-0.0291126124052169,0.0299647082325261,5,1,0,-0.00909820736029554,199.263931351452,7,0,113,NA,NA,Inf,90.137741046832,-0.0182319244652361
"10",1000,5,0.1,"0.01",1,"i",0,3.31370779003678,0.011435033843342,0.0487019866213312,7,1,0.6,0.315954161380833,199.82270720802,9,138.790524805148,224,NA,NA,Inf,171.659133709981,0.632280843486507
"11",1000,6,0.1,"0.01",1,"i",0,2.97268472082915,-0.0117200663138971,0.0308053940368675,5,1,0,-0.01220449714238,198.604050869191,6,106.886528557966,122,NA,NA,Inf,107.177710843373,-0.0244515642202204
"12",1000,6,0.1,"0.01",1,"i",0,3.19327983951856,0.0361283070816427,0.0491252316487106,6,1,0.6,0.314442605650452,199.98744697939,8,0,220,NA,NA,Inf,145.596194503171,0.628886122355045
"13",1000,7,0.1,"0.01",1,"i",0,2.93610832497493,-0.00934271302426,0.0303692822737676,5,1,0,-0.00229553253541975,199.982445917455,9,0,220,NA,NA,Inf,154.40368852459,-0.00460018835575634
"14",1000,7,0.1,"0.01",1,"i",0,3.29625543296556,0.0121122668727557,0.0477426945664412,7,1,0.6,0.312729059797245,199.98759693396,14,0,116,NA,NA,Inf,103.676136363636,0.630146774875255
"15",1000,8,0.1,"0.01",1,"i",0,3.06750250752257,-0.0198153154555554,0.0329594872968643,5,1,0,-0.000118892283671401,199.761103204488,16,0,140,NA,NA,Inf,120.894586894587,-0.000238175651096152
"16",1000,8,0.1,"0.01",1,"i",0,3.34065529923103,0.00861346615290775,0.0489396411092985,7,1,0.6,0.314263049932144,199.596013495049,12,0,221,NA,NA,Inf,148.673469387755,0.629257906256012
"17",1000,9,0.1,"0.01",1,"i",0,3.01504513540622,-0.0286289194762888,0.0315701929474385,5,1,0,0.0091186297105961,197.362522662631,10,0,24,NA,NA,Inf,13.2666666666667,0.0182889426957224
"18",1000,9,0.1,"0.01",1,"i",0,3.27572718154463,0.0258408725184379,0.0516549802504669,7,1,0.6,0.315552454756446,199.904599485397,14,0,203,NA,NA,Inf,144.788546255507,0.632747645023993
"19",1000,10,0.1,"0.01",1,"i",0,3.13009027081244,-0.0163637423590355,0.0354728105873682,5,1,0,0.00671500962264932,199.972731212418,10,0,200,NA,NA,Inf,136.576227390181,0.0134301575989893
"20",1000,10,0.1,"0.01",1,"i",0,3.32166499498496,0.0125308352763072,0.0494610019023462,6,1,0.6,0.31562571365048,111.129883329026,10,0,13,NA,NA,Inf,3.25,0.631531611324036
"21",1000,1,0.1,"0.01",1,"i",0.1,3.06111668338348,-0.0104635620439791,0.0327005832368553,5,1,0,-0.00137320688243264,199.984554832433,41,55.4151807442096,18.6013824884793,NA,NA,1.14992218503365,476.964251516119,-0.00277125828867084
"22",1000,1,0.1,"0.01",1,"i",0.1,3.30959545302574,0.00275203001469851,0.0470653601373876,6,1,0.6,0.31121931491566,199.97628152359,32,190.084813471221,17.4035413153457,NA,NA,1.08768557592564,431.4,0.623206659253171
"23",1000,2,0.1,"0.01",1,"i",0.1,3.03233032430625,-0.0105775195455304,0.0317871594429805,5,1,0,0.0202386698711984,199.932786087783,31,28.2881794278243,17.5242098184264,NA,NA,1.08491326688018,475.077237048666,0.0404872521050336
"24",1000,2,0.1,"0.01",1,"i",0.1,3.42657973921765,-0.0251812643456622,0.0479758803383778,8,1,0.6,0.315429417641088,199.987371284074,33,105.104858633907,19.2150170648464,NA,NA,0.992745260748107,413.345430978613,0.630880186003806
"25",1000,3,0.1,"0.01",1,"i",0.1,3.07572718154463,-0.0174435107741797,0.0324148051524539,5,1,0,-0.00947679548173103,199.966974921294,31,38.0191505532172,18.5589512626669,NA,NA,1.08084691380019,465.059493670886,-0.0189592336685969
"26",1000,3,0.1,"0.01",1,"i",0.1,3.33176195252424,-0.00519337558184165,0.0457286785144451,7,1,0.6,0.312403529545507,199.965496577217,29,96.6722186661291,17.0988313856427,NA,NA,1.15720300576988,431.022929936306,0.626105340377575
"27",1000,4,0.1,"0.01",1,"i",0.1,3.02564359745904,-0.0251020364364839,0.0300341447782799,5,1,0,0.00711846673420455,199.987971373364,31,16.3129120225925,18.7828534663021,NA,NA,1.31293238026884,485.774725274725,0.0142370159678754
"28",1000,4,0.1,"0.01",1,"i",0.1,3.29030424607155,0.0151880491956945,0.0473413065347058,7,1,0.6,0.315853156259149,199.976327626544,32,87.5413496819751,19.0239961606143,NA,NA,1.00029384866341,425.047782635853,0.632714598391399
"29",1000,5,0.1,"0.01",1,"i",0.1,3.01257104647275,-0.0291126124052169,0.0299647082325261,5,1,0,-0.00909820736029554,199.950366048254,29,74.6454851328249,17.5662434895833,NA,NA,1.30687471587153,475.308135810378,-0.0182319244652361
"30",1000,5,0.1,"0.01",1,"i",0.1,3.31370779003678,0.011435033843342,0.0487019866213312,7,1,0.6,0.315954161380833,199.987851717163,34,38.9160910926723,18.5918035452919,NA,NA,1.23648978410125,432.897476844459,0.632280843486507
"31",1000,6,0.1,"0.01",1,"i",0.1,2.97268472082915,-0.0117200663138971,0.0308053940368675,5,1,0,-0.01220449714238,199.999453198851,29,24.4412124958946,17.4372995509942,NA,NA,1.141749951222,464.37835308796,-0.0244515642202204
"32",1000,6,0.1,"0.01",1,"i",0.1,3.19327983951856,0.0361283070816427,0.0491252316487106,6,1,0.6,0.314442605650452,199.947305395352,32,67.6975924937441,17.8868020304569,NA,NA,1.43432670983007,438.537112010796,0.628886122355045
"33",1000,7,0.1,"0.01",1,"i",0.1,2.93610832497493,-0.00934271302426,0.0303692822737676,5,1,0,-0.00229553253541975,199.989816033282,34,33.0972618210117,19.1156235069279,NA,NA,0.981334133038678,472.988932291667,-0.00460018835575634
"34",1000,7,0.1,"0.01",1,"i",0.1,3.29625543296556,0.0121122668727557,0.0477426945664412,7,1,0.6,0.312729059797245,199.986183078752,28,121.407476987895,17.7405716218502,NA,NA,1.16462646672324,426.562439182614,0.630146774875255
"35",1000,8,0.1,"0.01",1,"i",0.1,3.06750250752257,-0.0198153154555554,0.0329594872968643,5,1,0,-0.000118892283671401,199.973913380152,31,35.6867449013129,18.4115823817292,NA,NA,1.02252806888769,471.657010785824,-0.000238175651096152
"36",1000,8,0.1,"0.01",1,"i",0.1,3.34065529923103,0.00861346615290775,0.0489396411092985,7,1,0.6,0.314263049932144,199.994921988383,34,150.93522325396,18.8218980442449,NA,NA,0.937892266970637,433.337905236908,0.629257906256012
"37",1000,9,0.1,"0.01",1,"i",0.1,3.01504513540622,-0.0286289194762888,0.0315701929474385,5,1,0,0.0091186297105961,199.977386535102,33,135.603511300299,17.8140845070423,NA,NA,1.38802305267273,454.728808158062,0.0182889426957224
"38",1000,9,0.1,"0.01",1,"i",0.1,3.27572718154463,0.0258408725184379,0.0516549802504669,7,1,0.6,0.315552454756446,199.998585692649,32,125.886934570855,18.0970414201183,NA,NA,0.968309766708043,425.147934678194,0.632747645023993
"39",1000,10,0.1,"0.01",1,"i",0.1,3.13009027081244,-0.0163637423590355,0.0354728105873682,5,1,0,0.00671500962264932,199.993535101444,29,89.5588647440046,17.6797879177378,NA,NA,1.03466972620925,467.138862708137,0.0134301575989893
"40",1000,10,0.1,"0.01",1,"i",0.1,3.32166499498496,0.0125308352763072,0.0494610019023462,6,1,0.6,0.31562571365048,199.97936613845,31,79.4198863826453,19.1617259552042,NA,NA,1.09809267477537,433.126602564103,0.631531611324036
"41",1000,1,0.1,"0.01",1,"i",0.3,3.06111668338348,-0.0104635620439791,0.0327005832368553,5,1,0,-0.00137320688243264,199.992198103304,56,18.1116706576693,34.8065024082994,NA,NA,1.16213150000167,594.194439117929,-0.00277125828867084
"42",1000,1,0.1,"0.01",1,"i",0.3,3.30959545302574,0.00275203001469851,0.0470653601373876,6,1,0.6,0.31121931491566,199.997115221239,61,9.41386124593362,35.2728099699809,NA,NA,1.03414840412019,531.106071689832,0.623206659253171
"43",1000,2,0.1,"0.01",1,"i",0.3,3.03233032430625,-0.0105775195455304,0.0317871594429805,5,1,0,0.0202386698711984,199.945503054297,63,5.84013228940722,34.5745327317927,NA,NA,1.03947584815311,559.763687150838,0.0404872521050336
"44",1000,2,0.1,"0.01",1,"i",0.3,3.42657973921765,-0.0251812643456622,0.0479758803383778,8,1,0.6,0.315429417641088,199.971536016968,63,10.7865690529763,35.8431179523895,NA,NA,1.0739102278397,530.580995475113,0.630880186003806
"45",1000,3,0.1,"0.01",1,"i",0.3,3.07572718154463,-0.0174435107741797,0.0324148051524539,5,1,0,-0.00947679548173103,199.988142721234,61,11.8493718471566,33.7270969523985,NA,NA,1.0813539939638,590.30106257379,-0.0189592336685969
"46",1000,3,0.1,"0.01",1,"i",0.3,3.33176195252424,-0.00519337558184165,0.0457286785144451,7,1,0.6,0.312403529545507,199.92025465789,58,8.21190505288922,35.4007136485281,NA,NA,1.11950719744145,533.062745098039,0.626105340377575
"47",1000,4,0.1,"0.01",1,"i",0.3,3.02564359745904,-0.0251020364364839,0.0300341447782799,5,1,0,0.00711846673420455,199.996235683121,53,26.9122894636369,33.3347390122763,NA,NA,0.98722314049553,592.275081526952,0.0142370159678754
"48",1000,4,0.1,"0.01",1,"i",0.3,3.29030424607155,0.0151880491956945,0.0473413065347058,7,1,0.6,0.315853156259149,199.975648774646,69,12.1053417249925,36.5652480394748,NA,NA,1.11383903054965,524.008205307263,0.632714598391399
"49",1000,5,0.1,"0.01",1,"i",0.3,3.01257104647275,-0.0291126124052169,0.0299647082325261,5,1,0,-0.00909820736029554,199.99479992518,71,10.0655779160751,33.7129945587015,NA,NA,1.23570246816191,570.521836089946,-0.0182319244652361
"50",1000,5,0.1,"0.01",1,"i",0.3,3.31370779003678,0.011435033843342,0.0487019866213312,7,1,0.6,0.315954161380833,199.997486099268,66,10.0302630515833,34.9623646369608,NA,NA,0.952055379581759,525.832918149466,0.632280843486507
"51",1000,6,0.1,"0.01",1,"i",0.3,2.97268472082915,-0.0117200663138971,0.0308053940368675,5,1,0,-0.01220449714238,199.992385365602,57,199.137737103696,34.0204802899864,NA,NA,1.02441024690434,579.226401179941,-0.0244515642202204
"52",1000,6,0.1,"0.01",1,"i",0.3,3.19327983951856,0.0361283070816427,0.0491252316487106,6,1,0.6,0.314442605650452,199.985786853012,61,5.29170060707786,35.1774710596616,NA,NA,1.03770278341972,540.640619437522,0.628886122355045
"53",1000,7,0.1,"0.01",1,"i",0.3,2.93610832497493,-0.00934271302426,0.0303692822737676,5,1,0,-0.00229553253541975,199.932574443593,60,4.17343580393499,33.3759101123595,NA,NA,1.06468471890172,566.912854818297,-0.00460018835575634
"54",1000,7,0.1,"0.01",1,"i",0.3,3.29625543296556,0.0121122668727557,0.0477426945664412,7,1,0.6,0.312729059797245,199.988565034019,64,5.66180764032544,35.9692280793776,NA,NA,1.08871890116272,538.508127208481,0.630146774875255
"55",1000,8,0.1,"0.01",1,"i",0.3,3.06750250752257,-0.0198153154555554,0.0329594872968643,5,1,0,-0.000118892283671401,199.995334497326,65,2.78985449906063,34.4089943669776,NA,NA,1.09749383769717,594.700187265918,-0.000238175651096152
"56",1000,8,0.1,"0.01",1,"i",0.3,3.34065529923103,0.00861346615290775,0.0489396411092985,7,1,0.6,0.314263049932144,199.964524424094,57,15.3790610198714,35.7073475582537,NA,NA,1.10817632115022,536.891085484166,0.629257906256012
"57",1000,9,0.1,"0.01",1,"i",0.3,3.01504513540622,-0.0286289194762888,0.0315701929474385,5,1,0,0.0091186297105961,199.98791270807,60,4.80841347513601,34.3462285978714,NA,NA,1.02488114463973,571.384223438385,0.0182889426957224
"58",1000,9,0.1,"0.01",1,"i",0.3,3.27572718154463,0.0258408725184379,0.0516549802504669,7,1,0.6,0.315552454756446,199.990973474732,59,31.8527257132039,35.7281737093432,NA,NA,1.12539054615416,545.14696253183,0.632747645023993
"59",1000,10,0.1,"0.01",1,"i",0.3,3.13009027081244,-0.0163637423590355,0.0354728105873682,5,1,0,0.00671500962264932,199.977204898585,69,6.15196447090919,34.6293198529412,NA,NA,1.08703611035913,572.540427154844,0.0134301575989893
"60",1000,10,0.1,"0.01",1,"i",0.3,3.32166499498496,0.0125308352763072,0.0494610019023462,6,1,0.6,0.31562571365048,199.990715787303,55,34.632119443062,35.6382121103547,NA,NA,1.1471745299335,529.87386898299,0.631531611324036
"61",1000,1,0.1,"0.025",1,"i",0,3.06111668338348,-0.0104635620439791,0.0327005832368553,5,1,0,-0.00137320688243264,199.276100137581,14,69.8765647445081,513,NA,NA,Inf,111.491569390402,-0.00277125828867084
"62",1000,1,0.1,"0.025",1,"i",0,3.30959545302574,0.00275203001469851,0.0470653601373876,6,1,0.6,0.31121931491566,199.965796925961,12,140.516257124931,431,NA,NA,Inf,117.579646017699,0.623206659253171
"63",1000,2,0.1,"0.025",1,"i",0,3.03233032430625,-0.0105775195455304,0.0317871594429805,5,1,0,0.0202386698711984,199.994804680519,18,111.741465464672,522,NA,NA,Inf,179.328298887122,0.0404872521050336
"64",1000,2,0.1,"0.025",1,"i",0,3.42657973921765,-0.0251812643456622,0.0479758803383778,8,1,0.6,0.315429417641088,199.623409625934,16,105.526815872002,390,NA,NA,Inf,127.99794661191,0.630880186003806
"65",1000,3,0.1,"0.025",1,"i",0,3.07572718154463,-0.0174435107741797,0.0324148051524539,5,1,0,-0.00947679548173103,199.998295553526,11,0,187,NA,NA,Inf,69.5105973025048,-0.0189592336685969
"66",1000,3,0.1,"0.025",1,"i",0,3.33176195252424,-0.00519337558184165,0.0457286785144451,7,1,0.6,0.312403529545507,199.899881640403,11,143.732394807493,380,NA,NA,Inf,122.036598493003,0.626105340377575
"67",1000,4,0.1,"0.025",1,"i",0,3.02564359745904,-0.0251020364364839,0.0300341447782799,5,1,0,0.00711846673420455,199.937535237304,12,131.58413458767,412,NA,NA,Inf,119.106683804627,0.0142370159678754
"68",1000,4,0.1,"0.025",1,"i",0,3.29030424607155,0.0151880491956945,0.0473413065347058,7,1,0.6,0.315853156259149,199.86805455249,15,155.722428253167,382,NA,NA,Inf,114.632896305125,0.632714598391399
"69",1000,5,0.1,"0.025",1,"i",0,3.01257104647275,-0.0291126124052169,0.0299647082325261,5,1,0,-0.00909820736029554,199.8442822184,13,137.10000046253,331,NA,NA,Inf,116.527206771463,-0.0182319244652361
"70",1000,5,0.1,"0.025",1,"i",0,3.31370779003678,0.011435033843342,0.0487019866213312,7,1,0.6,0.315954161380833,199.616583513593,16,49.7015213953822,515,NA,NA,Inf,87.875,0.632280843486507
"71",1000,6,0.1,"0.025",1,"i",0,2.97268472082915,-0.0117200663138971,0.0308053940368675,5,1,0,-0.01220449714238,199.731885227562,13,113.292808602012,501,NA,NA,Inf,134.663007683864,-0.0244515642202204
"72",1000,6,0.1,"0.025",1,"i",0,3.19327983951856,0.0361283070816427,0.0491252316487106,6,1,0.6,0.314442605650452,199.643535095993,12,71.4369211338456,507,NA,NA,Inf,103.272314674735,0.628886122355045
"73",1000,7,0.1,"0.025",1,"i",0,2.93610832497493,-0.00934271302426,0.0303692822737676,5,1,0,-0.00229553253541975,199.430634394773,18,86.171623755552,569,NA,NA,Inf,109.496763754045,-0.00460018835575634
"74",1000,7,0.1,"0.025",1,"i",0,3.29625543296556,0.0121122668727557,0.0477426945664412,7,1,0.6,0.312729059797245,199.864225289752,12,156.566288014691,345,NA,NA,Inf,123.638228941685,0.630146774875255
"75",1000,8,0.1,"0.025",1,"i",0,3.06750250752257,-0.0198153154555554,0.0329594872968643,5,1,0,-0.000118892283671401,199.925355474253,14,78.3757561565176,490,NA,NA,Inf,122.79392338177,-0.000238175651096152
"76",1000,8,0.1,"0.025",1,"i",0,3.34065529923103,0.00861346615290775,0.0489396411092985,7,1,0.6,0.314263049932144,199.997777666445,14,90.0420250541317,525,NA,NA,Inf,123.524691358025,0.629257906256012
"77",1000,9,0.1,"0.025",1,"i",0,3.01504513540622,-0.0286289194762888,0.0315701929474385,5,1,0,0.0091186297105961,199.934532185886,15,188.798204797587,375,NA,NA,Inf,140.808797127469,0.0182889426957224
"78",1000,9,0.1,"0.025",1,"i",0,3.27572718154463,0.0258408725184379,0.0516549802504669,7,1,0.6,0.315552454756446,199.824166817246,16,74.5676921426098,507,NA,NA,Inf,139.899736147757,0.632747645023993
"79",1000,10,0.1,"0.025",1,"i",0,3.13009027081244,-0.0163637423590355,0.0354728105873682,5,1,0,0.00671500962264932,199.992954356591,12,187.246601694429,255,NA,NA,Inf,111.009950248756,0.0134301575989893
"80",1000,10,0.1,"0.025",1,"i",0,3.32166499498496,0.0125308352763072,0.0494610019023462,6,1,0.6,0.31562571365048,199.64490969115,17,66.2238011918301,532,NA,NA,Inf,122.362701908957,0.631531611324036
"81",1000,1,0.1,"0.025",1,"i",0.1,3.06111668338348,-0.0104635620439791,0.0327005832368553,5,1,0,-0.00137320688243264,199.994292041087,43,94.8969504280252,28.7556840845632,NA,NA,1.02124023434959,399.870381007084,-0.00277125828867084
"82",1000,1,0.1,"0.025",1,"i",0.1,3.30959545302574,0.00275203001469851,0.0470653601373876,6,1,0.6,0.31121931491566,199.9933168393,42,124.279158910702,26.4161103206742,NA,NA,1.22119365805378,342.887622149837,0.623206659253171
"83",1000,2,0.1,"0.025",1,"i",0.1,3.03233032430625,-0.0105775195455304,0.0317871594429805,5,1,0,0.0202386698711984,199.998796432259,42,100.160036730147,27.6109952013353,NA,NA,1.04600301763887,375.407442931134,0.0404872521050336
"84",1000,2,0.1,"0.025",1,"i",0.1,3.42657973921765,-0.0251812643456622,0.0479758803383778,8,1,0.6,0.315429417641088,199.960046610928,44,184.404105888652,28.0095465393795,NA,NA,0.983377822854263,353.708382066277,0.630880186003806
"85",1000,3,0.1,"0.025",1,"i",0.1,3.07572718154463,-0.0174435107741797,0.0324148051524539,5,1,0,-0.00947679548173103,199.927148880201,42,97.9103323264487,27.2236327091928,NA,NA,1.19201239210899,371.353124391668,-0.0189592336685969
"86",1000,3,0.1,"0.025",1,"i",0.1,3.33176195252424,-0.00519337558184165,0.0457286785144451,7,1,0.6,0.312403529545507,199.980157225114,44,191.222471244197,28.4002534586546,NA,NA,1.10192717786914,363.906725766044,0.626105340377575
"87",1000,4,0.1,"0.025",1,"i",0.1,3.02564359745904,-0.0251020364364839,0.0300341447782799,5,1,0,0.00711846673420455,199.984161697385,49,146.733296111598,28.7428483543525,NA,NA,0.994048463453553,389.659933967761,0.0142370159678754
"88",1000,4,0.1,"0.025",1,"i",0.1,3.29030424607155,0.0151880491956945,0.0473413065347058,7,1,0.6,0.315853156259149,199.994620194439,43,110.727641392846,27.4905192846369,NA,NA,1.16054997999099,371.201320792475,0.632714598391399
"89",1000,5,0.1,"0.025",1,"i",0.1,3.01257104647275,-0.0291126124052169,0.0299647082325261,5,1,0,-0.00909820736029554,199.999680573891,43,92.2023296133468,27.0711083307267,NA,NA,0.99602483181997,381.035422343324,-0.0182319244652361
"90",1000,5,0.1,"0.025",1,"i",0.1,3.31370779003678,0.011435033843342,0.0487019866213312,7,1,0.6,0.315954161380833,199.952845480933,43,132.442183831814,25.6304229046006,NA,NA,1.1506146704812,349.6601117781,0.632280843486507
"91",1000,6,0.1,"0.025",1,"i",0.1,2.97268472082915,-0.0117200663138971,0.0308053940368675,5,1,0,-0.01220449714238,199.987906713298,46,151.597228851071,27.7880233174351,NA,NA,1.15474366824449,375.980098522168,-0.0244515642202204
"92",1000,6,0.1,"0.025",1,"i",0.1,3.19327983951856,0.0361283070816427,0.0491252316487106,6,1,0.6,0.314442605650452,199.997649864932,44,192.196632852172,26.5025049008931,NA,NA,1.00978580151944,347.218730995338,0.628886122355045
"93",1000,7,0.1,"0.025",1,"i",0.1,2.93610832497493,-0.00934271302426,0.0303692822737676,5,1,0,-0.00229553253541975,199.98991751274,44,95.3196109614437,29.2228933856841,NA,NA,1.05341957875304,391.943374858437,-0.00460018835575634
"94",1000,7,0.1,"0.025",1,"i",0.1,3.29625543296556,0.0121122668727557,0.0477426945664412,7,1,0.6,0.312729059797245,199.964956095111,42,62.5432644132297,25.883324099723,NA,NA,0.993588537446408,333.90951606344,0.630146774875255
"95",1000,8,0.1,"0.025",1,"i",0.1,3.06750250752257,-0.0198153154555554,0.0329594872968643,5,1,0,-0.000118892283671401,199.983930587681,47,116.385032675864,27.3250366032211,NA,NA,1.0758233250179,373.968966846569,-0.000238175651096152
"96",1000,8,0.1,"0.025",1,"i",0.1,3.34065529923103,0.00861346615290775,0.0489396411092985,7,1,0.6,0.314263049932144,199.9798403414,41,24.3648850060485,27.7706896551724,NA,NA,1.06593670469775,350.320236156352,0.629257906256012
"97",1000,9,0.1,"0.025",1,"i",0.1,3.01504513540622,-0.0286289194762888,0.0315701929474385,5,1,0,0.0091186297105961,199.994013193129,46,155.536699024965,27.5296909608691,NA,NA,1.13810070936288,370.687728761318,0.0182889426957224
"98",1000,9,0.1,"0.025",1,"i",0.1,3.27572718154463,0.0258408725184379,0.0516549802504669,7,1,0.6,0.315552454756446,199.944418600012,49,177.40110298063,27.6760730889826,NA,NA,1.10672780101847,360.23384183059,0.632747645023993
"99",1000,10,0.1,"0.025",1,"i",0.1,3.13009027081244,-0.0163637423590355,0.0354728105873682,5,1,0,0.00671500962264932,199.984996487798,46,31.9552207402322,27.9063306826397,NA,NA,1.15682673335436,389.969172932331,0.0134301575989893
"100",1000,10,0.1,"0.025",1,"i",0.1,3.32166499498496,0.0125308352763072,0.0494610019023462,6,1,0.6,0.31562571365048,199.997321748805,39,183.041203818149,26.1062673322241,NA,NA,1.03761069336768,353.468605141172,0.631531611324036
"101",1000,1,0.1,"0.025",1,"i",0.3,3.06111668338348,-0.0104635620439791,0.0327005832368553,5,1,0,-0.00137320688243264,199.997731641494,69,64.2809141986825,46.0315123418118,NA,NA,1.03884311435388,493.076104053237,-0.00277125828867084
"102",1000,1,0.1,"0.025",1,"i",0.3,3.30959545302574,0.00275203001469851,0.0470653601373876,6,1,0.6,0.31121931491566,199.981842919682,72,20.0505113244584,48.2586045349491,NA,NA,1.07629519619097,437.930901649212,0.623206659253171
"103",1000,2,0.1,"0.025",1,"i",0.3,3.03233032430625,-0.0105775195455304,0.0317871594429805,5,1,0,0.0202386698711984,199.961543830015,72,10.6220777989705,48.3762476310802,NA,NA,1.02302068583083,491.987838988204,0.0404872521050336
"104",1000,2,0.1,"0.025",1,"i",0.3,3.42657973921765,-0.0251812643456622,0.0479758803383778,8,1,0.6,0.315429417641088,199.991624349179,71,162.03503505762,50.9078931166113,NA,NA,1.11714764930876,443.1197224509,0.630880186003806
"105",1000,3,0.1,"0.025",1,"i",0.3,3.07572718154463,-0.0174435107741797,0.0324148051524539,5,1,0,-0.00947679548173103,199.992458288326,69,162.521533618932,48.8791295867366,NA,NA,1.12501412771184,482.497060206961,-0.0189592336685969
"106",1000,3,0.1,"0.025",1,"i",0.3,3.33176195252424,-0.00519337558184165,0.0457286785144451,7,1,0.6,0.312403529545507,199.984663043477,73,33.1482468836175,48.9123925013921,NA,NA,1.06453892183763,448.095683027794,0.626105340377575
"107",1000,4,0.1,"0.025",1,"i",0.3,3.02564359745904,-0.0251020364364839,0.0300341447782799,5,1,0,0.00711846673420455,199.993441973458,70,41.6934735801977,47.4386912522506,NA,NA,1.06927263293279,487.169669139291,0.0142370159678754
"108",1000,4,0.1,"0.025",1,"i",0.3,3.29030424607155,0.0151880491956945,0.0473413065347058,7,1,0.6,0.315853156259149,199.987125925325,76,3.63620420692227,47.6880606443462,NA,NA,1.16034664761465,450.514502346853,0.632714598391399
"109",1000,5,0.1,"0.025",1,"i",0.3,3.01257104647275,-0.0291126124052169,0.0299647082325261,5,1,0,-0.00909820736029554,199.997883449506,71,130.925670169492,47.4787141073658,NA,NA,1.0138400559043,487.818442427138,-0.0182319244652361
"110",1000,5,0.1,"0.025",1,"i",0.3,3.31370779003678,0.011435033843342,0.0487019866213312,7,1,0.6,0.315954161380833,199.994890201874,77,34.4149890442359,48.8083533426008,NA,NA,1.03264446340098,451.82438352735,0.632280843486507
"111",1000,6,0.1,"0.025",1,"i",0.3,2.97268472082915,-0.0117200663138971,0.0308053940368675,5,1,0,-0.01220449714238,199.975180120873,70,16.0458825703441,48.2681335073653,NA,NA,1.03175831428239,499.343472600308,-0.0244515642202204
"112",1000,6,0.1,"0.025",1,"i",0.3,3.19327983951856,0.0361283070816427,0.0491252316487106,6,1,0.6,0.314442605650452,199.999082286858,69,187.099497047728,49.0803414511675,NA,NA,0.979617597788586,457.215952119213,0.628886122355045
"113",1000,7,0.1,"0.025",1,"i",0.3,2.93610832497493,-0.00934271302426,0.0303692822737676,5,1,0,-0.00229553253541975,199.995320246516,72,53.3308068584336,47.9736167094174,NA,NA,1.05431100034525,492.559958410351,-0.00460018835575634
"114",1000,7,0.1,"0.025",1,"i",0.3,3.29625543296556,0.0121122668727557,0.0477426945664412,7,1,0.6,0.312729059797245,199.999444042,72,189.464673155354,48.6676232064878,NA,NA,1.03149889984228,448.909865578493,0.630146774875255
"115",1000,8,0.1,"0.025",1,"i",0.3,3.06750250752257,-0.0198153154555554,0.0329594872968643,5,1,0,-0.000118892283671401,199.99879656554,75,17.4315912503462,49.3689585993069,NA,NA,0.972467509428021,492.796777607903,-0.000238175651096152
"116",1000,8,0.1,"0.025",1,"i",0.3,3.34065529923103,0.00861346615290775,0.0489396411092985,7,1,0.6,0.314263049932144,199.99208805421,73,60.5088378041799,47.1746680286006,NA,NA,1.0406215806636,462.034801392056,0.629257906256012
"117",1000,9,0.1,"0.025",1,"i",0.3,3.01504513540622,-0.0286289194762888,0.0315701929474385,5,1,0,0.0091186297105961,199.981651076225,74,14.3614443421084,48.7522265217124,NA,NA,1.06788930489999,482.30410403245,0.0182889426957224
"118",1000,9,0.1,"0.025",1,"i",0.3,3.27572718154463,0.0258408725184379,0.0516549802504669,7,1,0.6,0.315552454756446,199.998708535541,68,13.3839998640724,47.8929894010982,NA,NA,1.00650896200399,452.230921459493,0.632747645023993
"119",1000,10,0.1,"0.025",1,"i",0.3,3.13009027081244,-0.0163637423590355,0.0354728105873682,5,1,0,0.00671500962264932,199.998246011632,74,80.9530460311863,48.7150581070163,NA,NA,1.05975226911797,480.743408203125,0.0134301575989893
"120",1000,10,0.1,"0.025",1,"i",0.3,3.32166499498496,0.0125308352763072,0.0494610019023462,6,1,0.6,0.31562571365048,199.9480033624,71,165.069026937317,48.9070161138629,NA,NA,1.01640099657019,443.393191081275,0.631531611324036
"121",1000,1,0.1,"0.05",1,"i",0,3.06111668338348,-0.0104635620439791,0.0327005832368553,5,1,0,-0.00137320688243264,199.213581623953,22,71.4501795487394,624,NA,NA,Inf,69.6531791907514,-0.00277125828867084
"122",1000,1,0.1,"0.05",1,"i",0,3.30959545302574,0.00275203001469851,0.0470653601373876,6,1,0.6,0.31121931491566,197.446175833018,26,52.1534666728962,610,NA,NA,Inf,27.2857142857143,0.623206659253171
"123",1000,2,0.1,"0.05",1,"i",0,3.03233032430625,-0.0105775195455304,0.0317871594429805,5,1,0,0.0202386698711984,198.394580489959,17,62.1201882672211,565,NA,NA,Inf,62.3312597200622,0.0404872521050336
"124",1000,2,0.1,"0.05",1,"i",0,3.42657973921765,-0.0251812643456622,0.0479758803383778,8,1,0.6,0.315429417641088,197.506189590823,24,67.5217290301622,566,NA,NA,Inf,36.5289575289575,0.630880186003806
"125",1000,3,0.1,"0.05",1,"i",0,3.07572718154463,-0.0174435107741797,0.0324148051524539,5,1,0,-0.00947679548173103,199.782324981301,21,54.094626066424,644,NA,NA,Inf,53.8235294117647,-0.0189592336685969
"126",1000,3,0.1,"0.05",1,"i",0,3.33176195252424,-0.00519337558184165,0.0457286785144451,7,1,0.6,0.312403529545507,193.705396848764,25,64.888798691167,619,NA,NA,Inf,29.6330275229358,0.626105340377575
"127",1000,4,0.1,"0.05",1,"i",0,3.02564359745904,-0.0251020364364839,0.0300341447782799,5,1,0,0.00711846673420455,199.896040282258,25,76.5308183847973,626,NA,NA,Inf,61.8675721561969,0.0142370159678754
"128",1000,4,0.1,"0.05",1,"i",0,3.29030424607155,0.0151880491956945,0.0473413065347058,7,1,0.6,0.315853156259149,195.647074488256,24,50.4584255293157,571,NA,NA,Inf,24.8263473053892,0.632714598391399
"129",1000,5,0.1,"0.05",1,"i",0,3.01257104647275,-0.0291126124052169,0.0299647082325261,5,1,0,-0.00909820736029554,199.820330643752,23,82.84588908916,655,NA,NA,Inf,78.6670716889429,-0.0182319244652361
"130",1000,5,0.1,"0.05",1,"i",0,3.31370779003678,0.011435033843342,0.0487019866213312,7,1,0.6,0.315954161380833,198.582027306554,21,50.8194252925892,581,NA,NA,Inf,32.1463414634146,0.632280843486507
"131",1000,6,0.1,"0.05",1,"i",0,2.97268472082915,-0.0117200663138971,0.0308053940368675,5,1,0,-0.01220449714238,198.163303221116,26,64.1108663793478,681,NA,NA,Inf,35.6404494382022,-0.0244515642202204
"132",1000,6,0.1,"0.05",1,"i",0,3.19327983951856,0.0361283070816427,0.0491252316487106,6,1,0.6,0.314442605650452,174.843515148285,23,45.8397563578744,608,NA,NA,Inf,26.4497041420118,0.628886122355045
"133",1000,7,0.1,"0.05",1,"i",0,2.93610832497493,-0.00934271302426,0.0303692822737676,5,1,0,-0.00229553253541975,199.402547822825,22,76.9967783967291,609,NA,NA,Inf,79.5627198124267,-0.00460018835575634
"134",1000,7,0.1,"0.05",1,"i",0,3.29625543296556,0.0121122668727557,0.0477426945664412,7,1,0.6,0.312729059797245,193.761598631289,23,78.4604723319508,543,NA,NA,Inf,52.8005698005698,0.630146774875255
"135",1000,8,0.1,"0.05",1,"i",0,3.06750250752257,-0.0198153154555554,0.0329594872968643,5,1,0,-0.000118892283671401,199.581014491647,23,76.7587372774489,665,NA,NA,Inf,52.5225988700565,-0.000238175651096152
"136",1000,8,0.1,"0.05",1,"i",0,3.34065529923103,0.00861346615290775,0.0489396411092985,7,1,0.6,0.314263049932144,173.072024124277,21,33.1578981287486,586,NA,NA,Inf,37.9545454545455,0.629257906256012
"137",1000,9,0.1,"0.05",1,"i",0,3.01504513540622,-0.0286289194762888,0.0315701929474385,5,1,0,0.0091186297105961,198.217070857953,28,51.5744553020066,692,NA,NA,Inf,37.9015151515151,0.0182889426957224
"138",1000,9,0.1,"0.05",1,"i",0,3.27572718154463,0.0258408725184379,0.0516549802504669,7,1,0.6,0.315552454756446,199.317626989442,23,52.7805450962018,596,NA,NA,Inf,49.0155763239875,0.632747645023993
"139",1000,10,0.1,"0.05",1,"i",0,3.13009027081244,-0.0163637423590355,0.0354728105873682,5,1,0,0.00671500962264932,199.9672242905,16,29.3858840108424,606,NA,NA,Inf,54.5609284332689,0.0134301575989893
"140",1000,10,0.1,"0.05",1,"i",0,3.32166499498496,0.0125308352763072,0.0494610019023462,6,1,0.6,0.31562571365048,198.749742139944,20,91.7930857586955,584,NA,NA,Inf,72.6500956022945,0.631531611324036
"141",1000,1,0.1,"0.05",1,"i",0.1,3.06111668338348,-0.0104635620439791,0.0327005832368553,5,1,0,-0.00137320688243264,199.997286669423,60,177.694832341573,38.9518641565153,NA,NA,0.878964096876444,285.668761098211,-0.00277125828867084
"142",1000,1,0.1,"0.05",1,"i",0.1,3.30959545302574,0.00275203001469851,0.0470653601373876,6,1,0.6,0.31121931491566,199.998126513787,56,139.645216849491,37.1953869164764,NA,NA,1.01764842288474,269.900617376901,0.623206659253171
"143",1000,2,0.1,"0.05",1,"i",0.1,3.03233032430625,-0.0105775195455304,0.0317871594429805,5,1,0,0.0202386698711984,199.982830251868,58,49.1876466321431,38.7644652250146,NA,NA,1.03310809189702,297.783967768825,0.0404872521050336
"144",1000,2,0.1,"0.05",1,"i",0.1,3.42657973921765,-0.0251812643456622,0.0479758803383778,8,1,0.6,0.315429417641088,199.979174779533,54,177.655544413469,35.5157043147208,NA,NA,0.919419577881495,256.951062271062,0.630880186003806
"145",1000,3,0.1,"0.05",1,"i",0.1,3.07572718154463,-0.0174435107741797,0.0324148051524539,5,1,0,-0.00947679548173103,199.960510731695,55,100.327786911842,38.5629090374292,NA,NA,0.997539856072795,289.174996419877,-0.0189592336685969
"146",1000,3,0.1,"0.05",1,"i",0.1,3.33176195252424,-0.00519337558184165,0.0457286785144451,7,1,0.6,0.312403529545507,199.998162488621,62,60.0970055859798,37.5806898675701,NA,NA,1.13972094106661,265.845531976325,0.626105340377575
"147",1000,4,0.1,"0.05",1,"i",0.1,3.02564359745904,-0.0251020364364839,0.0300341447782799,5,1,0,0.00711846673420455,199.996666868246,61,134.707565550917,38.3604469273743,NA,NA,1.03365146141934,303.379258653584,0.0142370159678754
"148",1000,4,0.1,"0.05",1,"i",0.1,3.29030424607155,0.0151880491956945,0.0473413065347058,7,1,0.6,0.315853156259149,199.985705976495,60,137.788462369385,38.223027495517,NA,NA,1.02370419490598,277.214255765199,0.632714598391399
"149",1000,5,0.1,"0.05",1,"i",0.1,3.01257104647275,-0.0291126124052169,0.0299647082325261,5,1,0,-0.00909820736029554,199.995765237302,57,48.3823740703752,39.8595694830868,NA,NA,1.07226993777962,303.037748257267,-0.0182319244652361
"150",1000,5,0.1,"0.05",1,"i",0.1,3.31370779003678,0.011435033843342,0.0487019866213312,7,1,0.6,0.315954161380833,199.998972620786,58,84.6230873969974,38.582979368932,NA,NA,1.10923513084793,264.417798324184,0.632280843486507
"151",1000,6,0.1,"0.05",1,"i",0.1,2.97268472082915,-0.0117200663138971,0.0308053940368675,5,1,0,-0.01220449714238,199.961058668657,59,45.3662785234657,38.3071254881733,NA,NA,1.02037220607418,290.950033852404,-0.0244515642202204
"152",1000,6,0.1,"0.05",1,"i",0.1,3.19327983951856,0.0361283070816427,0.0491252316487106,6,1,0.6,0.314442605650452,199.989852921863,59,184.499926682869,37.8464445472775,NA,NA,1.0257724179404,285.688582289174,0.628886122355045
"153",1000,7,0.1,"0.05",1,"i",0.1,2.93610832497493,-0.00934271302426,0.0303692822737676,5,1,0,-0.00229553253541975,199.99375374964,58,53.7821250252061,39.0118819188192,NA,NA,1.13546340978805,288.992214653135,-0.00460018835575634
"154",1000,7,0.1,"0.05",1,"i",0.1,3.29625543296556,0.0121122668727557,0.0477426945664412,7,1,0.6,0.312729059797245,199.995161664187,61,102.144504024493,37.3607102380053,NA,NA,1.02764842419839,274.932188841202,0.630146774875255
"155",1000,8,0.1,"0.05",1,"i",0.1,3.06750250752257,-0.0198153154555554,0.0329594872968643,5,1,0,-0.000118892283671401,199.997707302642,62,65.9967303611945,39.035069699193,NA,NA,0.952425389781464,290.985741971207,-0.000238175651096152
"156",1000,8,0.1,"0.05",1,"i",0.1,3.34065529923103,0.00861346615290775,0.0489396411092985,7,1,0.6,0.314263049932144,199.996395071673,55,94.3494063144769,37.4236976975446,NA,NA,1.03024443359289,280.663764330286,0.629257906256012
"157",1000,9,0.1,"0.05",1,"i",0.1,3.01504513540622,-0.0286289194762888,0.0315701929474385,5,1,0,0.0091186297105961,199.994193037182,60,192.529013858637,36.8094223304666,NA,NA,1.07659205820635,291.064340863597,0.0182889426957224
"158",1000,9,0.1,"0.05",1,"i",0.1,3.27572718154463,0.0258408725184379,0.0516549802504669,7,1,0.6,0.315552454756446,199.985654591274,52,118.15060076519,36.8881625029185,NA,NA,0.999183434770757,290.546531791908,0.632747645023993
"159",1000,10,0.1,"0.05",1,"i",0.1,3.13009027081244,-0.0163637423590355,0.0354728105873682,5,1,0,0.00671500962264932,199.976475642747,62,185.491909607084,38.6176231025546,NA,NA,1.01774799657803,299.442859141139,0.0134301575989893
"160",1000,10,0.1,"0.05",1,"i",0.1,3.32166499498496,0.0125308352763072,0.0494610019023462,6,1,0.6,0.31562571365048,199.998088580218,56,123.247908641563,38.3399176327029,NA,NA,1.02058166435435,265.934620447565,0.631531611324036
"161",1000,1,0.1,"0.05",1,"i",0.3,3.06111668338348,-0.0104635620439791,0.0327005832368553,5,1,0,-0.00137320688243264,199.97206626101,85,30.1285367048025,64.1838284866736,NA,NA,1.06637867452006,402.767413999658,-0.00277125828867084
"162",1000,1,0.1,"0.05",1,"i",0.3,3.30959545302574,0.00275203001469851,0.0470653601373876,6,1,0.6,0.31121931491566,199.990068877038,89,193.133693670337,62.9420482093034,NA,NA,1.04685738169121,368.066419710544,0.623206659253171
"163",1000,2,0.1,"0.05",1,"i",0.3,3.03233032430625,-0.0105775195455304,0.0317871594429805,5,1,0,0.0202386698711984,199.999383604805,86,64.8982275715011,65.8812120679039,NA,NA,1.02321309743723,412.917328429324,0.0404872521050336
"164",1000,2,0.1,"0.05",1,"i",0.3,3.42657973921765,-0.0251812643456622,0.0479758803383778,8,1,0.6,0.315429417641088,199.994757562368,89,82.8480950371642,63.6728653624856,NA,NA,0.985945827350859,375.091633466135,0.630880186003806
"165",1000,3,0.1,"0.05",1,"i",0.3,3.07572718154463,-0.0174435107741797,0.0324148051524539,5,1,0,-0.00947679548173103,199.984742972955,88,134.265832502733,64.8024146319488,NA,NA,1.0597056469831,417.552846219201,-0.0189592336685969
"166",1000,3,0.1,"0.05",1,"i",0.3,3.33176195252424,-0.00519337558184165,0.0457286785144451,7,1,0.6,0.312403529545507,199.99769305855,87,169.097617543079,64.1232480332761,NA,NA,0.995297361098637,372.502042553191,0.626105340377575
"167",1000,4,0.1,"0.05",1,"i",0.3,3.02564359745904,-0.0251020364364839,0.0300341447782799,5,1,0,0.00711846673420455,199.993824476711,91,16.889749628738,67.1558469945355,NA,NA,1.058583939256,412.615262454029,0.0142370159678754
"168",1000,4,0.1,"0.05",1,"i",0.3,3.29030424607155,0.0151880491956945,0.0473413065347058,7,1,0.6,0.315853156259149,199.98905727209,90,88.5884950696229,62.7272812485354,NA,NA,1.00600388343176,368.897159647405,0.632714598391399
"169",1000,5,0.1,"0.05",1,"i",0.3,3.01257104647275,-0.0291126124052169,0.0299647082325261,5,1,0,-0.00909820736029554,199.984827834264,86,79.0116181833796,64.884418729817,NA,NA,1.05947323901766,412.452808988764,-0.0182319244652361
"170",1000,5,0.1,"0.05",1,"i",0.3,3.31370779003678,0.011435033843342,0.0487019866213312,7,1,0.6,0.315954161380833,199.993811202655,89,97.3608528034307,66.0038863575449,NA,NA,1.045816473979,373.713975803087,0.632280843486507
"171",1000,6,0.1,"0.05",1,"i",0.3,2.97268472082915,-0.0117200663138971,0.0308053940368675,5,1,0,-0.01220449714238,199.991446800456,93,153.812379806932,66.112372903737,NA,NA,1.05497932111387,406.134098983723,-0.0244515642202204
"172",1000,6,0.1,"0.05",1,"i",0.3,3.19327983951856,0.0361283070816427,0.0491252316487106,6,1,0.6,0.314442605650452,199.999814088381,91,178.109387217027,64.0808383233533,NA,NA,0.98762293711349,375.120086580087,0.628886122355045
"173",1000,7,0.1,"0.05",1,"i",0.3,2.93610832497493,-0.00934271302426,0.0303692822737676,5,1,0,-0.00229553253541975,199.9968420641,89,72.2306977542636,65.501300215208,NA,NA,1.08120458342082,403.910449035342,-0.00460018835575634
"174",1000,7,0.1,"0.05",1,"i",0.3,3.29625543296556,0.0121122668727557,0.0477426945664412,7,1,0.6,0.312729059797245,199.993601672099,85,43.8368500792585,63.3121772603511,NA,NA,1.04740776592756,359.76920299666,0.630146774875255
"175",1000,8,0.1,"0.05",1,"i",0.3,3.06750250752257,-0.0198153154555554,0.0329594872968643,5,1,0,-0.000118892283671401,199.997578236077,107,124.169106549575,65.5606389097828,NA,NA,1.06012671579655,391.254566493099,-0.000238175651096152
"176",1000,8,0.1,"0.05",1,"i",0.3,3.34065529923103,0.00861346615290775,0.0489396411092985,7,1,0.6,0.314263049932144,199.95492033431,90,194.86436263091,65.6288166214996,NA,NA,0.918077140622797,361.789550446122,0.629257906256012
"177",1000,9,0.1,"0.05",1,"i",0.3,3.01504513540622,-0.0286289194762888,0.0315701929474385,5,1,0,0.0091186297105961,199.958312910898,89,52.6344533643114,64.5745562663303,NA,NA,1.07768614018296,398.08489601091,0.0182889426957224
"178",1000,9,0.1,"0.05",1,"i",0.3,3.27572718154463,0.0258408725184379,0.0516549802504669,7,1,0.6,0.315552454756446,199.995547991506,88,167.886945189803,64.3078814306258,NA,NA,1.01276138721346,377.796392677674,0.632747645023993
"179",1000,10,0.1,"0.05",1,"i",0.3,3.13009027081244,-0.0163637423590355,0.0354728105873682,5,1,0,0.00671500962264932,199.993075518254,93,169.40880927262,65.4159447693593,NA,NA,1.0250452054815,410.197149250021,0.0134301575989893
"180",1000,10,0.1,"0.05",1,"i",0.3,3.32166499498496,0.0125308352763072,0.0494610019023462,6,1,0.6,0.31562571365048,199.985096094618,95,112.775776371582,65.8118691420332,NA,NA,1.0570897052416,359.536274340858,0.631531611324036
"181",1000,1,0.1,"0.1",1,"i",0,3.06111668338348,-0.0104635620439791,0.0327005832368553,5,1,0,-0.00137320688243264,110.141793513952,34,23.1427399216608,675,NA,NA,Inf,0,-0.00277125828867084
"182",1000,1,0.1,"0.1",1,"i",0,3.30959545302574,0.00275203001469851,0.0470653601373876,6,1,0.6,0.31121931491566,152.686502315506,37,45.9525962698175,570,NA,NA,Inf,5.44117647058824,0.623206659253171
"183",1000,2,0.1,"0.1",1,"i",0,3.03233032430625,-0.0105775195455304,0.0317871594429805,5,1,0,0.0202386698711984,123.099334767315,38,28.2465442826828,676,NA,NA,1.07638488414601,1.28571428571429,0.0404872521050336
"184",1000,2,0.1,"0.1",1,"i",0,3.42657973921765,-0.0251812643456622,0.0479758803383778,8,1,0.6,0.315429417641088,139.995134655937,29,30.9908928560824,569,NA,NA,Inf,2.27272727272727,0.630880186003806
"185",1000,3,0.1,"0.1",1,"i",0,3.07572718154463,-0.0174435107741797,0.0324148051524539,5,1,0,-0.00947679548173103,109.235907187952,35,31.0306294541198,656,NA,NA,Inf,0,-0.0189592336685969
"186",1000,3,0.1,"0.1",1,"i",0,3.33176195252424,-0.00519337558184165,0.0457286785144451,7,1,0.6,0.312403529545507,167.964480277711,32,38.5416992669255,601,NA,NA,Inf,3.6551724137931,0.626105340377575
"187",1000,4,0.1,"0.1",1,"i",0,3.02564359745904,-0.0251020364364839,0.0300341447782799,5,1,0,0.00711846673420455,116.778108005538,40,42.0321792468251,619,NA,NA,Inf,2.78947368421053,0.0142370159678754
"188",1000,4,0.1,"0.1",1,"i",0,3.29030424607155,0.0151880491956945,0.0473413065347058,7,1,0.6,0.315853156259149,157.483074862941,32,65.1345556463822,574,NA,NA,0.852292870224941,4.53846153846154,0.632714598391399
"189",1000,5,0.1,"0.1",1,"i",0,3.01257104647275,-0.0291126124052169,0.0299647082325261,5,1,0,-0.00909820736029554,109.186498987997,37,37.1827256912567,648,NA,NA,1.07991829591941,1.14285714285714,-0.0182319244652361
"190",1000,5,0.1,"0.1",1,"i",0,3.31370779003678,0.011435033843342,0.0487019866213312,7,1,0.6,0.315954161380833,140.635253187117,36,32.6411115615329,564,NA,NA,Inf,2.375,0.632280843486507
"191",1000,6,0.1,"0.1",1,"i",0,2.97268472082915,-0.0117200663138971,0.0308053940368675,5,1,0,-0.01220449714238,164.713151738077,34,53.4083939494376,664,NA,NA,Inf,16.0431034482759,-0.0244515642202204
"192",1000,6,0.1,"0.1",1,"i",0,3.19327983951856,0.0361283070816427,0.0491252316487106,6,1,0.6,0.314442605650452,115.546429364886,49,28.0094963421272,673,NA,NA,Inf,1.14285714285714,0.628886122355045
"193",1000,7,0.1,"0.1",1,"i",0,2.93610832497493,-0.00934271302426,0.0303692822737676,5,1,0,-0.00229553253541975,143.610789364887,32,53.5813689660678,639,NA,NA,Inf,12.5333333333333,-0.00460018835575634
"194",1000,7,0.1,"0.1",1,"i",0,3.29625543296556,0.0121122668727557,0.0477426945664412,7,1,0.6,0.312729059797245,132.347353300398,38,45.6825528680694,612,NA,NA,1.24668324923658,1.22222222222222,0.630146774875255
"195",1000,8,0.1,"0.1",1,"i",0,3.06750250752257,-0.0198153154555554,0.0329594872968643,5,1,0,-0.000118892283671401,127.689668254087,35,41.1968768592865,640,NA,NA,Inf,6.59090909090909,-0.000238175651096152
"196",1000,8,0.1,"0.1",1,"i",0,3.34065529923103,0.00861346615290775,0.0489396411092985,7,1,0.6,0.314263049932144,115.944794201996,39,25.0908333369958,592,NA,NA,Inf,1,0.629257906256012
"197",1000,9,0.1,"0.1",1,"i",0,3.01504513540622,-0.0286289194762888,0.0315701929474385,5,1,0,0.0091186297105961,134.643334309202,39,21.5591012864832,646,NA,NA,Inf,4.29268292682927,0.0182889426957224
"198",1000,9,0.1,"0.1",1,"i",0,3.27572718154463,0.0258408725184379,0.0516549802504669,7,1,0.6,0.315552454756446,134.285388840297,45,26.1144869847046,612,NA,NA,Inf,1.84615384615385,0.632747645023993
"199",1000,10,0.1,"0.1",1,"i",0,3.13009027081244,-0.0163637423590355,0.0354728105873682,5,1,0,0.00671500962264932,132.704400977178,50,34.7305968182082,640,NA,NA,Inf,2.05555555555556,0.0134301575989893
"200",1000,10,0.1,"0.1",1,"i",0,3.32166499498496,0.0125308352763072,0.0494610019023462,6,1,0.6,0.31562571365048,114.061115646688,30,27.2828965653643,553,NA,NA,Inf,4.09523809523809,0.631531611324036
"201",1000,1,0.1,"0.1",1,"i",0.1,3.06111668338348,-0.0104635620439791,0.0327005832368553,5,1,0,-0.00137320688243264,199.989726882168,77,29.4573071008563,51.5829179129279,NA,NA,1.03702404504609,211.557501036055,-0.00277125828867084
"202",1000,1,0.1,"0.1",1,"i",0.1,3.30959545302574,0.00275203001469851,0.0470653601373876,6,1,0.6,0.31121931491566,199.981168603736,72,20.4495494657039,48.0201318783918,NA,NA,1.10579260438847,187.691912268677,0.623206659253171
"203",1000,2,0.1,"0.1",1,"i",0.1,3.03233032430625,-0.0105775195455304,0.0317871594429805,5,1,0,0.0202386698711984,199.996775233028,80,134.856427117581,51.5374706620818,NA,NA,1.02618818309478,209.624847498983,0.0404872521050336
"204",1000,2,0.1,"0.1",1,"i",0.1,3.42657973921765,-0.0251812643456622,0.0479758803383778,8,1,0.6,0.315429417641088,199.999656135953,73,112.037488132275,50.7728683482873,NA,NA,1.02016259349039,197.425507061697,0.630880186003806
"205",1000,3,0.1,"0.1",1,"i",0.1,3.07572718154463,-0.0174435107741797,0.0324148051524539,5,1,0,-0.00947679548173103,199.996450979329,76,24.5846845142931,51.9297527339331,NA,NA,1.09794076862409,204.725204445376,-0.0189592336685969
"206",1000,3,0.1,"0.1",1,"i",0.1,3.33176195252424,-0.00519337558184165,0.0457286785144451,7,1,0.6,0.312403529545507,199.998251325854,75,26.4785687874328,49.8627845835431,NA,NA,1.04854961101975,189.434639481788,0.626105340377575
"207",1000,4,0.1,"0.1",1,"i",0.1,3.02564359745904,-0.0251020364364839,0.0300341447782799,5,1,0,0.00711846673420455,199.98965262877,78,166.745640830723,52.6211023453013,NA,NA,1.08873613864692,211.164158552179,0.0142370159678754
"208",1000,4,0.1,"0.1",1,"i",0.1,3.29030424607155,0.0151880491956945,0.0473413065347058,7,1,0.6,0.315853156259149,199.934264220932,77,111.475292460548,50.1183180496533,NA,NA,1.10306519447181,191.650771833369,0.632714598391399
"209",1000,5,0.1,"0.1",1,"i",0.1,3.01257104647275,-0.0291126124052169,0.0299647082325261,5,1,0,-0.00909820736029554,199.98168265528,73,28.1337545095698,51.2617378134291,NA,NA,1.02810165307469,197.095894838918,-0.0182319244652361
"210",1000,5,0.1,"0.1",1,"i",0.1,3.31370779003678,0.011435033843342,0.0487019866213312,7,1,0.6,0.315954161380833,199.999200098804,69,185.371715424207,48.0295205083767,NA,NA,1.11217133520874,191.304991166078,0.632280843486507
"211",1000,6,0.1,"0.1",1,"i",0.1,2.97268472082915,-0.0117200663138971,0.0308053940368675,5,1,0,-0.01220449714238,199.986972522735,75,38.4096086161982,50.0679192372406,NA,NA,1.09287170185871,202.16009031287,-0.0244515642202204
"212",1000,6,0.1,"0.1",1,"i",0.1,3.19327983951856,0.0361283070816427,0.0491252316487106,6,1,0.6,0.314442605650452,199.990341666516,71,96.2311581203558,46.4324308276927,NA,NA,1.02812583745785,185.56068125423,0.628886122355045
"213",1000,7,0.1,"0.1",1,"i",0.1,2.93610832497493,-0.00934271302426,0.0303692822737676,5,1,0,-0.00229553253541975,199.996784301871,73,190.671962767777,52.7749306000427,NA,NA,1.05226496155786,210.907519802489,-0.00460018835575634
"214",1000,7,0.1,"0.1",1,"i",0.1,3.29625543296556,0.0121122668727557,0.0477426945664412,7,1,0.6,0.312729059797245,199.995412239985,72,109.427938397428,47.1834484359584,NA,NA,1.18097935890521,190.700817028596,0.630146774875255
"215",1000,8,0.1,"0.1",1,"i",0.1,3.06750250752257,-0.0198153154555554,0.0329594872968643,5,1,0,-0.000118892283671401,199.960290844138,71,23.8155102012494,51.7944093286835,NA,NA,1.02696503972702,206.264529262087,-0.000238175651096152
"216",1000,8,0.1,"0.1",1,"i",0.1,3.34065529923103,0.00861346615290775,0.0489396411092985,7,1,0.6,0.314263049932144,199.998326870667,68,25.4098295270899,49.113137646053,NA,NA,1.07498307800418,193.604102676613,0.629257906256012
"217",1000,9,0.1,"0.1",1,"i",0.1,3.01504513540622,-0.0286289194762888,0.0315701929474385,5,1,0,0.0091186297105961,199.986976587691,79,26.8471617125223,53.4154243582154,NA,NA,1.08563300777999,201.681226864093,0.0182889426957224
"218",1000,9,0.1,"0.1",1,"i",0.1,3.27572718154463,0.0258408725184379,0.0516549802504669,7,1,0.6,0.315552454756446,199.981166092746,67,188.859009880831,47.6446856199127,NA,NA,1.22360891068596,184.697794199978,0.632747645023993
"219",1000,10,0.1,"0.1",1,"i",0.1,3.13009027081244,-0.0163637423590355,0.0354728105873682,5,1,0,0.00671500962264932,199.98883438283,78,63.3662062212085,51.8938496337785,NA,NA,1.10026624525293,210.182303976981,0.0134301575989893
"220",1000,10,0.1,"0.1",1,"i",0.1,3.32166499498496,0.0125308352763072,0.0494610019023462,6,1,0.6,0.31562571365048,199.986532412144,73,63.5309293085377,49.9579243441823,NA,NA,0.898736867663787,190.843753397847,0.631531611324036
"221",1000,1,0.1,"0.1",1,"i",0.3,3.06111668338348,-0.0104635620439791,0.0327005832368553,5,1,0,-0.00137320688243264,199.996785172856,117,91.4427918434689,90.1085117756187,NA,NA,0.98283587329138,318.740896274522,-0.00277125828867084
"222",1000,1,0.1,"0.1",1,"i",0.3,3.30959545302574,0.00275203001469851,0.0470653601373876,6,1,0.6,0.31121931491566,199.987722883726,118,21.0696649395573,86.6805263333667,NA,NA,0.975218531684795,297.618345052737,0.623206659253171
"223",1000,2,0.1,"0.1",1,"i",0.3,3.03233032430625,-0.0105775195455304,0.0317871594429805,5,1,0,0.0202386698711984,199.98249268863,123,120.833081839229,90.0984521695001,NA,NA,0.980879732563202,316.780921680993,0.0404872521050336
"224",1000,2,0.1,"0.1",1,"i",0.3,3.42657973921765,-0.0251812643456622,0.0479758803383778,8,1,0.6,0.315429417641088,199.998960404015,124,189.526150231447,87.6088540114566,NA,NA,1.03553306718957,291.496517100722,0.630880186003806
"225",1000,3,0.1,"0.1",1,"i",0.3,3.07572718154463,-0.0174435107741797,0.0324148051524539,5,1,0,-0.00947679548173103,199.999635775499,123,103.322611101864,91.0826371003204,NA,NA,1.00802426991682,317.555635664504,-0.0189592336685969
"226",1000,3,0.1,"0.1",1,"i",0.3,3.33176195252424,-0.00519337558184165,0.0457286785144451,7,1,0.6,0.312403529545507,199.996542995673,114,36.3102517851117,87.2689750967358,NA,NA,1.01475674856088,293.63125548727,0.626105340377575
"227",1000,4,0.1,"0.1",1,"i",0.3,3.02564359745904,-0.0251020364364839,0.0300341447782799,5,1,0,0.00711846673420455,199.997746705348,122,153.810836555769,87.9233894184633,NA,NA,0.947695598230954,311.809111535706,0.0142370159678754
"228",1000,4,0.1,"0.1",1,"i",0.3,3.29030424607155,0.0151880491956945,0.0473413065347058,7,1,0.6,0.315853156259149,199.989531026889,117,160.747429327751,89.3685526016814,NA,NA,1.0234076474848,301.871707731521,0.632714598391399
"229",1000,5,0.1,"0.1",1,"i",0.3,3.01257104647275,-0.0291126124052169,0.0299647082325261,5,1,0,-0.00909820736029554,199.99778212817,119,34.7606946758737,88.0186912901783,NA,NA,0.93135112107655,310.639047905996,-0.0182319244652361
"230",1000,5,0.1,"0.1",1,"i",0.3,3.31370779003678,0.011435033843342,0.0487019866213312,7,1,0.6,0.315954161380833,199.993404467065,117,142.412406385631,87.1665664461816,NA,NA,1.06400409636153,288.696757947749,0.632280843486507
"231",1000,6,0.1,"0.1",1,"i",0.3,2.97268472082915,-0.0117200663138971,0.0308053940368675,5,1,0,-0.01220449714238,199.997944719414,120,140.289787135814,89.6534562794076,NA,NA,1.02880200781043,318.169330220866,-0.0244515642202204
"232",1000,6,0.1,"0.1",1,"i",0.3,3.19327983951856,0.0361283070816427,0.0491252316487106,6,1,0.6,0.314442605650452,199.998280295485,114,19.9871804334025,85.0942481868921,NA,NA,0.971009357505334,288.747917192628,0.628886122355045
"233",1000,7,0.1,"0.1",1,"i",0.3,2.93610832497493,-0.00934271302426,0.0303692822737676,5,1,0,-0.00229553253541975,199.996056345182,118,180.098897941071,88.4918273998017,NA,NA,1.02897274442687,323.3226373893,-0.00460018835575634
"234",1000,7,0.1,"0.1",1,"i",0.3,3.29625543296556,0.0121122668727557,0.0477426945664412,7,1,0.6,0.312729059797245,199.989920068065,126,199.514205549249,88.1370239237616,NA,NA,1.03563323835417,290.618887015177,0.630146774875255
"235",1000,8,0.1,"0.1",1,"i",0.3,3.06750250752257,-0.0198153154555554,0.0329594872968643,5,1,0,-0.000118892283671401,199.999751113652,121,79.3097199997736,89.1861448464424,NA,NA,0.98333111677634,307.705793420416,-0.000238175651096152
"236",1000,8,0.1,"0.1",1,"i",0.3,3.34065529923103,0.00861346615290775,0.0489396411092985,7,1,0.6,0.314263049932144,199.989282404054,119,82.3201371821017,86.1514819609015,NA,NA,1.06491533078785,286.107328368484,0.629257906256012
"237",1000,9,0.1,"0.1",1,"i",0.3,3.01504513540622,-0.0286289194762888,0.0315701929474385,5,1,0,0.0091186297105961,199.984971993043,115,48.891654724346,87.3015355829408,NA,NA,1.0169814295678,309.543386275832,0.0182889426957224
"238",1000,9,0.1,"0.1",1,"i",0.3,3.27572718154463,0.0258408725184379,0.0516549802504669,7,1,0.6,0.315552454756446,199.994612947771,122,182.585984561335,89.1279173406398,NA,NA,1.03620122963582,288.634009009009,0.632747645023993
"239",1000,10,0.1,"0.1",1,"i",0.3,3.13009027081244,-0.0163637423590355,0.0354728105873682,5,1,0,0.00671500962264932,199.993960533263,119,185.827527645696,90.8161642720756,NA,NA,1.02256892233645,328.185176428867,0.0134301575989893
"240",1000,10,0.1,"0.1",1,"i",0.3,3.32166499498496,0.0125308352763072,0.0494610019023462,6,1,0.6,0.31562571365048,199.998168677066,121,37.8075510492856,87.9699066410647,NA,NA,1.03693429258717,291.078074663635,0.631531611324036
"241",1000,1,0.1,"0.3",1,"i",0,3.06111668338348,-0.0104635620439791,0.0327005832368553,5,1,0,-0.00137320688243264,64.2912370471761,83,14.0560879335472,686,NA,NA,Inf,NA,-0.00277125828867084
"242",1000,1,0.1,"0.3",1,"i",0,3.30959545302574,0.00275203001469851,0.0470653601373876,6,1,0.6,0.31121931491566,53.2099150975067,63,19.7096445371774,585,NA,NA,1.72225447351034,NA,0.623206659253171
"243",1000,2,0.1,"0.3",1,"i",0,3.03233032430625,-0.0105775195455304,0.0317871594429805,5,1,0,0.0202386698711984,57.905870791974,84,17.8315577327649,669,NA,NA,0.972243336318842,NA,0.0404872521050336
"244",1000,2,0.1,"0.3",1,"i",0,3.42657973921765,-0.0251812643456622,0.0479758803383778,8,1,0.6,0.315429417641088,62.7089878911907,88,29.1053157470965,613,NA,NA,Inf,NA,0.630880186003806
"245",1000,3,0.1,"0.3",1,"i",0,3.07572718154463,-0.0174435107741797,0.0324148051524539,5,1,0,-0.00947679548173103,79.9045165622812,65,32.7820230772035,633,NA,NA,Inf,NA,-0.0189592336685969
"246",1000,3,0.1,"0.3",1,"i",0,3.33176195252424,-0.00519337558184165,0.0457286785144451,7,1,0.6,0.312403529545507,49.3768884118702,62,22.9434135192763,597,NA,NA,Inf,NA,0.626105340377575
"247",1000,4,0.1,"0.3",1,"i",0,3.02564359745904,-0.0251020364364839,0.0300341447782799,5,1,0,0.00711846673420455,58.3003724537106,60,17.0686324009187,636,NA,NA,1.00626799153044,NA,0.0142370159678754
"248",1000,4,0.1,"0.3",1,"i",0,3.29030424607155,0.0151880491956945,0.0473413065347058,7,1,0.6,0.315853156259149,57.8132179980233,63,16.0217679002959,569,NA,NA,1.05395484688573,NA,0.632714598391399
"249",1000,5,0.1,"0.3",1,"i",0,3.01257104647275,-0.0291126124052169,0.0299647082325261,5,1,0,-0.00909820736029554,58.6639181822893,68,25.3815697577397,647,NA,NA,Inf,NA,-0.0182319244652361
"250",1000,5,0.1,"0.3",1,"i",0,3.31370779003678,0.011435033843342,0.0487019866213312,7,1,0.6,0.315954161380833,59.0791561575559,70,20.9123697191904,605,NA,NA,1.29195262460435,NA,0.632280843486507
"251",1000,6,0.1,"0.3",1,"i",0,2.97268472082915,-0.0117200663138971,0.0308053940368675,5,1,0,-0.01220449714238,60.5107113952296,76,17.3755269028455,629,NA,NA,Inf,NA,-0.0244515642202204
"252",1000,6,0.1,"0.3",1,"i",0,3.19327983951856,0.0361283070816427,0.0491252316487106,6,1,0.6,0.314442605650452,53.5328430565137,65,19.6043857466435,556,NA,NA,Inf,NA,0.628886122355045
"253",1000,7,0.1,"0.3",1,"i",0,2.93610832497493,-0.00934271302426,0.0303692822737676,5,1,0,-0.00229553253541975,60.8778126613595,74,13.5885917631168,608,NA,NA,1.25564365882166,NA,-0.00460018835575634
"254",1000,7,0.1,"0.3",1,"i",0,3.29625543296556,0.0121122668727557,0.0477426945664412,7,1,0.6,0.312729059797245,63.0861226555145,87,27.8449606454808,622,NA,NA,0.977769142702327,NA,0.630146774875255
"255",1000,8,0.1,"0.3",1,"i",0,3.06750250752257,-0.0198153154555554,0.0329594872968643,5,1,0,-0.000118892283671401,67.23879068844,68,31.6684794925645,662,NA,NA,Inf,NA,-0.000238175651096152
"256",1000,8,0.1,"0.3",1,"i",0,3.34065529923103,0.00861346615290775,0.0489396411092985,7,1,0.6,0.314263049932144,48.6387583187748,76,20.43394319013,595,NA,NA,1.08096266261355,NA,0.629257906256012
"257",1000,9,0.1,"0.3",1,"i",0,3.01504513540622,-0.0286289194762888,0.0315701929474385,5,1,0,0.0091186297105961,80.9493352309411,77,21.1448780227688,632,NA,NA,Inf,NA,0.0182889426957224
"258",1000,9,0.1,"0.3",1,"i",0,3.27572718154463,0.0258408725184379,0.0516549802504669,7,1,0.6,0.315552454756446,52.6057545500643,86,14.9414215377089,560,NA,NA,1.27197829441505,NA,0.632747645023993
"259",1000,10,0.1,"0.3",1,"i",0,3.13009027081244,-0.0163637423590355,0.0354728105873682,5,1,0,0.00671500962264932,62.4258933585103,90,17.8421092567626,703,NA,NA,Inf,NA,0.0134301575989893
"260",1000,10,0.1,"0.3",1,"i",0,3.32166499498496,0.0125308352763072,0.0494610019023462,6,1,0.6,0.31562571365048,65.4829591233249,77,16.9401618298446,571,NA,NA,Inf,NA,0.631531611324036
"261",1000,1,0.1,"0.3",1,"i",0.1,3.06111668338348,-0.0104635620439791,0.0327005832368553,5,1,0,-0.00137320688243264,199.97543146702,108,16.3774442618723,69.3477639954301,NA,NA,1.02085763320044,93.3920704845815,-0.00277125828867084
"262",1000,1,0.1,"0.3",1,"i",0.1,3.30959545302574,0.00275203001469851,0.0470653601373876,6,1,0.6,0.31121931491566,199.998027402418,107,14.9511699671343,65.2260758414998,NA,NA,1.11074242701101,90.0933835845896,0.623206659253171
"263",1000,2,0.1,"0.3",1,"i",0.1,3.03233032430625,-0.0105775195455304,0.0317871594429805,5,1,0,0.0202386698711984,199.992467509862,111,9.65490993943033,70.4170844031463,NA,NA,1.05195320702407,93.7475166210403,0.0404872521050336
"264",1000,2,0.1,"0.3",1,"i",0.1,3.42657973921765,-0.0251812643456622,0.0479758803383778,8,1,0.6,0.315429417641088,199.999755379696,97,11.7826139140307,62.7206326950883,NA,NA,1.02657637626619,87.6576319543509,0.630880186003806
"265",1000,3,0.1,"0.3",1,"i",0.1,3.07572718154463,-0.0174435107741797,0.0324148051524539,5,1,0,-0.00947679548173103,199.999617125128,111,12.4654786615564,69.9518391959799,NA,NA,1.02886991982555,95.2197035061573,-0.0189592336685969
"266",1000,3,0.1,"0.3",1,"i",0.1,3.33176195252424,-0.00519337558184165,0.0457286785144451,7,1,0.6,0.312403529545507,199.996870277149,112,19.5854216034875,68.1756902412735,NA,NA,1.12856935924553,89.0696304663547,0.626105340377575
"267",1000,4,0.1,"0.3",1,"i",0.1,3.02564359745904,-0.0251020364364839,0.0300341447782799,5,1,0,0.00711846673420455,199.996475021261,113,12.3601239871292,68.8543724696356,NA,NA,0.980848615964033,94.9035858465923,0.0142370159678754
"268",1000,4,0.1,"0.3",1,"i",0.1,3.29030424607155,0.0151880491956945,0.0473413065347058,7,1,0.6,0.315853156259149,199.988442073992,111,14.8699238438459,64.0850249945664,NA,NA,1.006192805758,90.6858085808581,0.632714598391399
"269",1000,5,0.1,"0.3",1,"i",0.1,3.01257104647275,-0.0291126124052169,0.0299647082325261,5,1,0,-0.00909820736029554,199.992163377758,111,11.8087817824609,68.73479784806,NA,NA,1.00399622798828,89.5830913197806,-0.0182319244652361
"270",1000,5,0.1,"0.3",1,"i",0.1,3.31370779003678,0.011435033843342,0.0487019866213312,7,1,0.6,0.315954161380833,199.997615149874,107,9.75531240230451,64.6125236213709,NA,NA,1.03638662552096,85.7604166666667,0.632280843486507
"271",1000,6,0.1,"0.3",1,"i",0.1,2.97268472082915,-0.0117200663138971,0.0308053940368675,5,1,0,-0.01220449714238,199.988510150813,98,11.6167466467024,69.617061120408,NA,NA,1.03859307614381,100.472280649038,-0.0244515642202204
"272",1000,6,0.1,"0.3",1,"i",0.1,3.19327983951856,0.0361283070816427,0.0491252316487106,6,1,0.6,0.314442605650452,199.985569479454,119,10.54770316745,66.9580599024062,NA,NA,0.986377846477783,86.5978981406629,0.628886122355045
"273",1000,7,0.1,"0.3",1,"i",0.1,2.93610832497493,-0.00934271302426,0.0303692822737676,5,1,0,-0.00229553253541975,199.98881877922,105,35.4975603165445,67.5164130974037,NA,NA,1.02403961977544,96.2264254385965,-0.00460018835575634
"274",1000,7,0.1,"0.3",1,"i",0.1,3.29625543296556,0.0121122668727557,0.0477426945664412,7,1,0.6,0.312729059797245,199.983318707886,104,15.822550169915,64.3956975228162,NA,NA,1.15910183381264,88.3354329386075,0.630146774875255
"275",1000,8,0.1,"0.3",1,"i",0.1,3.06750250752257,-0.0198153154555554,0.0329594872968643,5,1,0,-0.000118892283671401,199.99653931975,112,11.3252458724242,70.3959514493332,NA,NA,1.01916815865361,95.6475040134546,-0.000238175651096152
"276",1000,8,0.1,"0.3",1,"i",0.1,3.34065529923103,0.00861346615290775,0.0489396411092985,7,1,0.6,0.314263049932144,199.996637045412,103,14.9683903880921,63.537002146957,NA,NA,1.01783822647706,85.3967011697383,0.629257906256012
"277",1000,9,0.1,"0.3",1,"i",0.1,3.01504513540622,-0.0286289194762888,0.0315701929474385,5,1,0,0.0091186297105961,199.987796685549,109,17.0702274502959,68.2319385283555,NA,NA,1.0855065044267,92.5977981356477,0.0182889426957224
"278",1000,9,0.1,"0.3",1,"i",0.1,3.27572718154463,0.0258408725184379,0.0516549802504669,7,1,0.6,0.315552454756446,199.997087527712,114,14.3532574889267,67.2718863005635,NA,NA,1.15523248430399,87.3874074074074,0.632747645023993
"279",1000,10,0.1,"0.3",1,"i",0.1,3.13009027081244,-0.0163637423590355,0.0354728105873682,5,1,0,0.00671500962264932,199.996082851174,105,16.4234360377886,70.5361648773607,NA,NA,1.0507483480113,102.556136346904,0.0134301575989893
"280",1000,10,0.1,"0.3",1,"i",0.1,3.32166499498496,0.0125308352763072,0.0494610019023462,6,1,0.6,0.31562571365048,199.999613646341,100,62.1720652167178,67.4498776474559,NA,NA,1.02179295322626,86.6754205990973,0.631531611324036
"281",1000,1,0.1,"0.3",1,"i",0.3,3.06111668338348,-0.0104635620439791,0.0327005832368553,5,1,0,-0.00137320688243264,199.999685974243,178,172.301263587759,138.012266017976,NA,NA,0.966157981382708,177.685210259585,-0.00277125828867084
"282",1000,1,0.1,"0.3",1,"i",0.3,3.30959545302574,0.00275203001469851,0.0470653601373876,6,1,0.6,0.31121931491566,199.996926613441,161,150.825601354174,127.403137789905,NA,NA,1.05756517700532,163.736298217722,0.623206659253171
"283",1000,2,0.1,"0.3",1,"i",0.3,3.03233032430625,-0.0105775195455304,0.0317871594429805,5,1,0,0.0202386698711984,199.999566095442,176,125.57948429894,131.684653702662,NA,NA,1.01631065722905,173.10417578918,0.0404872521050336
"284",1000,2,0.1,"0.3",1,"i",0.3,3.42657973921765,-0.0251812643456622,0.0479758803383778,8,1,0.6,0.315429417641088,199.998352347466,166,176.951021715271,130.554813942329,NA,NA,1.02837846663715,164.21618916552,0.630880186003806
"285",1000,3,0.1,"0.3",1,"i",0.3,3.07572718154463,-0.0174435107741797,0.0324148051524539,5,1,0,-0.00947679548173103,199.99398532043,167,104.466738801888,134.13269178355,NA,NA,0.985100989053697,173.642305241357,-0.0189592336685969
"286",1000,3,0.1,"0.3",1,"i",0.3,3.33176195252424,-0.00519337558184165,0.0457286785144451,7,1,0.6,0.312403529545507,199.990511582314,161,88.9983947093886,128.338165414851,NA,NA,1.02629031596203,161.636504286013,0.626105340377575
"287",1000,4,0.1,"0.3",1,"i",0.3,3.02564359745904,-0.0251020364364839,0.0300341447782799,5,1,0,0.00711846673420455,199.996708957715,175,115.707794144546,133.01358089079,NA,NA,0.955745639423652,177.688766774181,0.0142370159678754
"288",1000,4,0.1,"0.3",1,"i",0.3,3.29030424607155,0.0151880491956945,0.0473413065347058,7,1,0.6,0.315853156259149,199.992280344514,158,85.2301616280033,126.333005146565,NA,NA,0.941328482452169,162.984011627907,0.632714598391399
"289",1000,5,0.1,"0.3",1,"i",0.3,3.01257104647275,-0.0291126124052169,0.0299647082325261,5,1,0,-0.00909820736029554,199.9997768843,168,30.6682844049475,135.594586794748,NA,NA,0.99951967274144,170.358126612423,-0.0182319244652361
"290",1000,5,0.1,"0.3",1,"i",0.3,3.31370779003678,0.011435033843342,0.0487019866213312,7,1,0.6,0.315954161380833,199.997729236721,165,28.3060736736102,129.016199173733,NA,NA,1.05542375642011,163.92876305254,0.632280843486507
"291",1000,6,0.1,"0.3",1,"i",0.3,2.97268472082915,-0.0117200663138971,0.0308053940368675,5,1,0,-0.01220449714238,199.99662645332,176,25.504877098,133.123160340821,NA,NA,1.00031841667597,176.014116047507,-0.0244515642202204
"292",1000,6,0.1,"0.3",1,"i",0.3,3.19327983951856,0.0361283070816427,0.0491252316487106,6,1,0.6,0.314442605650452,199.999561486007,166,12.7803895979711,131.40379369139,NA,NA,1.03525451633146,166.14291458903,0.628886122355045
"293",1000,7,0.1,"0.3",1,"i",0.3,2.93610832497493,-0.00934271302426,0.0303692822737676,5,1,0,-0.00229553253541975,199.997315025448,166,102.172328491338,131.980949367089,NA,NA,1.03621463942292,170.698600559776,-0.00460018835575634
"294",1000,7,0.1,"0.3",1,"i",0.3,3.29625543296556,0.0121122668727557,0.0477426945664412,7,1,0.6,0.312729059797245,199.998922916669,181,77.84627678213,128.658481078504,NA,NA,1.0897999123971,160.392946892277,0.630146774875255
"295",1000,8,0.1,"0.3",1,"i",0.3,3.06750250752257,-0.0198153154555554,0.0329594872968643,5,1,0,-0.000118892283671401,199.994557096072,167,12.1034051590389,134.947836727921,NA,NA,1.01862406812743,177.828039516669,-0.000238175651096152
"296",1000,8,0.1,"0.3",1,"i",0.3,3.34065529923103,0.00861346615290775,0.0489396411092985,7,1,0.6,0.314263049932144,199.998344913777,164,32.9863356468393,128.676262936327,NA,NA,0.94321944678335,162.899790882476,0.629257906256012
"297",1000,9,0.1,"0.3",1,"i",0.3,3.01504513540622,-0.0286289194762888,0.0315701929474385,5,1,0,0.0091186297105961,199.992339618417,188,119.643523052211,134.848586037775,NA,NA,1.01726947796907,179.705077280057,0.0182889426957224
"298",1000,9,0.1,"0.3",1,"i",0.3,3.27572718154463,0.0258408725184379,0.0516549802504669,7,1,0.6,0.315552454756446,199.998026783219,163,132.587099061842,126.868612011734,NA,NA,1.0530199638879,162.261814231396,0.632747645023993
"299",1000,10,0.1,"0.3",1,"i",0.3,3.13009027081244,-0.0163637423590355,0.0354728105873682,5,1,0,0.00671500962264932,199.999610377596,174,141.333506268668,134.471129130008,NA,NA,1.02872061386287,178.923001873244,0.0134301575989893
"300",1000,10,0.1,"0.3",1,"i",0.3,3.32166499498496,0.0125308352763072,0.0494610019023462,6,1,0.6,0.31562571365048,199.992155289571,166,101.826367835709,126.925467474322,NA,NA,1.04194195725711,166.056755063688,0.631531611324036
"301",1000,1,0.1,"0.5",1,"i",0,3.06111668338348,-0.0104635620439791,0.0327005832368553,5,1,0,-0.00137320688243264,47.694022298684,81,12.0235266107499,617,NA,NA,Inf,NA,-0.00277125828867084
"302",1000,1,0.1,"0.5",1,"i",0,3.30959545302574,0.00275203001469851,0.0470653601373876,6,1,0.6,0.31121931491566,38.0563742271283,115,12.6259250047115,642,NA,NA,1.05350397635701,NA,0.623206659253171
"303",1000,2,0.1,"0.5",1,"i",0,3.03233032430625,-0.0105775195455304,0.0317871594429805,5,1,0,0.0202386698711984,67.815941758259,97,16.5655728041,651,NA,NA,Inf,NA,0.0404872521050336
"304",1000,2,0.1,"0.5",1,"i",0,3.42657973921765,-0.0251812643456622,0.0479758803383778,8,1,0.6,0.315429417641088,35.9443552844087,80,10.1669934481115,564,NA,NA,1.05757029589987,NA,0.630880186003806
"305",1000,3,0.1,"0.5",1,"i",0,3.07572718154463,-0.0174435107741797,0.0324148051524539,5,1,0,-0.00947679548173103,51.001687233399,112,24.7695722711406,700,NA,NA,Inf,NA,-0.0189592336685969
"306",1000,3,0.1,"0.5",1,"i",0,3.33176195252424,-0.00519337558184165,0.0457286785144451,7,1,0.6,0.312403529545507,37.42457969039,104,11.3090341908197,582,NA,NA,1.20879102909228,NA,0.626105340377575
"307",1000,4,0.1,"0.5",1,"i",0,3.02564359745904,-0.0251020364364839,0.0300341447782799,5,1,0,0.00711846673420455,51.4130204974102,114,18.0313062194491,702,NA,NA,1.02435057570068,NA,0.0142370159678754
"308",1000,4,0.1,"0.5",1,"i",0,3.29030424607155,0.0151880491956945,0.0473413065347058,7,1,0.6,0.315853156259149,41.5230181092075,76,20.391760217261,592,NA,NA,0.981493000292931,NA,0.632714598391399
"309",1000,5,0.1,"0.5",1,"i",0,3.01257104647275,-0.0291126124052169,0.0299647082325261,5,1,0,-0.00909820736029554,37.6237918101494,109,12.3511608779289,681,NA,NA,Inf,NA,-0.0182319244652361
"310",1000,5,0.1,"0.5",1,"i",0,3.31370779003678,0.011435033843342,0.0487019866213312,7,1,0.6,0.315954161380833,37.7478588684735,110,9.98754280226438,630,NA,NA,1.25582984339152,NA,0.632280843486507
"311",1000,6,0.1,"0.5",1,"i",0,2.97268472082915,-0.0117200663138971,0.0308053940368675,5,1,0,-0.01220449714238,39.7933514816749,91,14.4022887676373,678,NA,NA,1.12339251160918,NA,-0.0244515642202204
"312",1000,6,0.1,"0.5",1,"i",0,3.19327983951856,0.0361283070816427,0.0491252316487106,6,1,0.6,0.314442605650452,44.6006452089373,98,13.6807790921061,646,NA,NA,1.05898458435925,NA,0.628886122355045
"313",1000,7,0.1,"0.5",1,"i",0,2.93610832497493,-0.00934271302426,0.0303692822737676,5,1,0,-0.00229553253541975,33.8295024649855,92,10.2412126359447,614,NA,NA,1.11920196478479,NA,-0.00460018835575634
"314",1000,7,0.1,"0.5",1,"i",0,3.29625543296556,0.0121122668727557,0.0477426945664412,7,1,0.6,0.312729059797245,52.5117640330953,95,18.8394729700619,621,NA,NA,Inf,NA,0.630146774875255
"315",1000,8,0.1,"0.5",1,"i",0,3.06750250752257,-0.0198153154555554,0.0329594872968643,5,1,0,-0.000118892283671401,74.6849010157193,85,14.9240550818323,628,NA,NA,1.10553267913609,NA,-0.000238175651096152
"316",1000,8,0.1,"0.5",1,"i",0,3.34065529923103,0.00861346615290775,0.0489396411092985,7,1,0.6,0.314263049932144,33.7167182260116,107,11.578942733795,584,NA,NA,0.753553903222545,NA,0.629257906256012
"317",1000,9,0.1,"0.5",1,"i",0,3.01504513540622,-0.0286289194762888,0.0315701929474385,5,1,0,0.0091186297105961,47.3497655976296,100,15.2971656003265,667,NA,NA,0.878610233806548,NA,0.0182889426957224
"318",1000,9,0.1,"0.5",1,"i",0,3.27572718154463,0.0258408725184379,0.0516549802504669,7,1,0.6,0.315552454756446,32.8398861137371,99,10.1863849966621,577,NA,NA,Inf,NA,0.632747645023993
"319",1000,10,0.1,"0.5",1,"i",0,3.13009027081244,-0.0163637423590355,0.0354728105873682,5,1,0,0.00671500962264932,35.5080183006313,112,14.0741183192726,665,NA,NA,1.08196968463439,NA,0.0134301575989893
"320",1000,10,0.1,"0.5",1,"i",0,3.32166499498496,0.0125308352763072,0.0494610019023462,6,1,0.6,0.31562571365048,36.8705735498811,110,13.7697651863566,610,NA,NA,Inf,NA,0.631531611324036
"321",1000,1,0.1,"0.5",1,"i",0.1,3.06111668338348,-0.0104635620439791,0.0327005832368553,5,1,0,-0.00137320688243264,199.992282485285,140,9.80965547955219,73.293154875717,NA,NA,0.992558016985195,59.3980364235929,-0.00277125828867084
"322",1000,1,0.1,"0.5",1,"i",0.1,3.30959545302574,0.00275203001469851,0.0470653601373876,6,1,0.6,0.31121931491566,199.987566104239,137,12.278957803398,72.9542414227258,NA,NA,0.995077424765344,59.8765700108544,0.623206659253171
"323",1000,2,0.1,"0.5",1,"i",0.1,3.03233032430625,-0.0105775195455304,0.0317871594429805,5,1,0,0.0202386698711984,199.987603502933,131,12.2257043726461,76.3752622115673,NA,NA,1.10079477740619,61.4364480557168,0.0404872521050336
"324",1000,2,0.1,"0.5",1,"i",0.1,3.42657973921765,-0.0251812643456622,0.0479758803383778,8,1,0.6,0.315429417641088,199.986386932495,121,12.4289453027138,70.9316862745098,NA,NA,0.91761711532682,58.7486241261342,0.630880186003806
"325",1000,3,0.1,"0.5",1,"i",0.1,3.07572718154463,-0.0174435107741797,0.0324148051524539,5,1,0,-0.00947679548173103,199.997456785584,145,9.74289405710894,71.9528657037492,NA,NA,1.05943941155414,59.9845285232439,-0.0189592336685969
"326",1000,3,0.1,"0.5",1,"i",0.1,3.33176195252424,-0.00519337558184165,0.0457286785144451,7,1,0.6,0.312403529545507,199.994531751686,140,10.8434715681578,73.2982559278856,NA,NA,1.10302706664546,58.4308881479236,0.626105340377575
"327",1000,4,0.1,"0.5",1,"i",0.1,3.02564359745904,-0.0251020364364839,0.0300341447782799,5,1,0,0.00711846673420455,199.99369801395,116,11.3042237239545,70.8413189077795,NA,NA,0.958433797918885,60.604449104936,0.0142370159678754
"328",1000,4,0.1,"0.5",1,"i",0.1,3.29030424607155,0.0151880491956945,0.0473413065347058,7,1,0.6,0.315853156259149,199.987048709895,124,9.16388590186595,70.3994351422231,NA,NA,0.990110229081626,57.9087648159701,0.632714598391399
"329",1000,5,0.1,"0.5",1,"i",0.1,3.01257104647275,-0.0291126124052169,0.0299647082325261,5,1,0,-0.00909820736029554,199.999154167302,148,9.94821393554608,76.6295349268112,NA,NA,1.0363154821638,63.1305854072398,-0.0182319244652361
"330",1000,5,0.1,"0.5",1,"i",0.1,3.31370779003678,0.011435033843342,0.0487019866213312,7,1,0.6,0.315954161380833,199.980819063215,115,16.2100565953648,70.9467151553482,NA,NA,1.02268948538981,55.5989550842171,0.632280843486507
"331",1000,6,0.1,"0.5",1,"i",0.1,2.97268472082915,-0.0117200663138971,0.0308053940368675,5,1,0,-0.01220449714238,199.996186961089,119,9.42335919565588,74.7368762151653,NA,NA,0.975218207248913,62.391040900238,-0.0244515642202204
"332",1000,6,0.1,"0.5",1,"i",0.1,3.19327983951856,0.0361283070816427,0.0491252316487106,6,1,0.6,0.314442605650452,199.998640546456,136,9.27745599375102,70.6807588291441,NA,NA,0.971975071995622,58.5726243993179,0.628886122355045
"333",1000,7,0.1,"0.5",1,"i",0.1,2.93610832497493,-0.00934271302426,0.0303692822737676,5,1,0,-0.00229553253541975,199.998500821997,129,11.1293013362407,72.1216460715248,NA,NA,1.01213721772838,63.9044287362954,-0.00460018835575634
"334",1000,7,0.1,"0.5",1,"i",0.1,3.29625543296556,0.0121122668727557,0.0477426945664412,7,1,0.6,0.312729059797245,199.996873339925,120,9.40331334419094,68.6094466273739,NA,NA,1.11409275072995,56.2691678991204,0.630146774875255
"335",1000,8,0.1,"0.5",1,"i",0.1,3.06750250752257,-0.0198153154555554,0.0329594872968643,5,1,0,-0.000118892283671401,199.987267333315,141,12.5455237081458,75.494570068432,NA,NA,1.03258065752637,64.2607571947471,-0.000238175651096152
"336",1000,8,0.1,"0.5",1,"i",0.1,3.34065529923103,0.00861346615290775,0.0489396411092985,7,1,0.6,0.314263049932144,199.999812147171,128,7.83821106827638,68.4792452830189,NA,NA,1.09487806356519,57.1175763404665,0.629257906256012
"337",1000,9,0.1,"0.5",1,"i",0.1,3.01504513540622,-0.0286289194762888,0.0315701929474385,5,1,0,0.0091186297105961,199.996203459097,135,10.1978290194106,73.7452403572107,NA,NA,1.11714644132245,61.3524264705882,0.0182889426957224
"338",1000,9,0.1,"0.5",1,"i",0.1,3.27572718154463,0.0258408725184379,0.0516549802504669,7,1,0.6,0.315552454756446,199.974736516587,116,10.3081962698091,71.5906048150323,NA,NA,1.07571157667876,56.2345631956091,0.632747645023993
"339",1000,10,0.1,"0.5",1,"i",0.1,3.13009027081244,-0.0163637423590355,0.0354728105873682,5,1,0,0.00671500962264932,199.991750838016,154,10.7750707313672,77.0101642483612,NA,NA,1.07964853532673,64.7789747668281,0.0134301575989893
"340",1000,10,0.1,"0.5",1,"i",0.1,3.32166499498496,0.0125308352763072,0.0494610019023462,6,1,0.6,0.31562571365048,199.98703363489,131,9.73757802450115,68.8086868686869,NA,NA,1.09196765629433,56.1393712231316,0.631531611324036
"341",1000,1,0.1,"0.5",1,"i",0.3,3.06111668338348,-0.0104635620439791,0.0327005832368553,5,1,0,-0.00137320688243264,199.996343486327,205,9.42613211275443,149.202915710797,NA,NA,0.955472073806223,120.756268949527,-0.00277125828867084
"342",1000,1,0.1,"0.5",1,"i",0.3,3.30959545302574,0.00275203001469851,0.0470653601373876,6,1,0.6,0.31121931491566,199.99644827011,177,113.337560413323,144.001645996019,NA,NA,1.04174626859255,113.839106554376,0.623206659253171
"343",1000,2,0.1,"0.5",1,"i",0.3,3.03233032430625,-0.0105775195455304,0.0317871594429805,5,1,0,0.0202386698711984,199.999620179172,200,9.0823019117636,149.692038415014,NA,NA,1.00749904680213,121.778040059708,0.0404872521050336
"344",1000,2,0.1,"0.5",1,"i",0.3,3.42657973921765,-0.0251812643456622,0.0479758803383778,8,1,0.6,0.315429417641088,199.998432531437,181,131.623437994687,146.178976946898,NA,NA,1.02274634930575,113.34484653139,0.630880186003806
"345",1000,3,0.1,"0.5",1,"i",0.3,3.07572718154463,-0.0174435107741797,0.0324148051524539,5,1,0,-0.00947679548173103,199.993446598286,189,137.535158040998,147.542833715361,NA,NA,0.999591102824853,120.091497227357,-0.0189592336685969
"346",1000,3,0.1,"0.5",1,"i",0.3,3.33176195252424,-0.00519337558184165,0.0457286785144451,7,1,0.6,0.312403529545507,199.999528354128,179,159.837227124102,145.373130316238,NA,NA,1.04976850603585,115.169510141319,0.626105340377575
"347",1000,4,0.1,"0.5",1,"i",0.3,3.02564359745904,-0.0251020364364839,0.0300341447782799,5,1,0,0.00711846673420455,199.999977526866,203,12.9403438680889,154.34601931135,NA,NA,1.02468903125664,120.986086773674,0.0142370159678754
"348",1000,4,0.1,"0.5",1,"i",0.3,3.29030424607155,0.0151880491956945,0.0473413065347058,7,1,0.6,0.315853156259149,199.999755521497,184,6.74518355003635,146.702544887401,NA,NA,0.963602663640631,114.536655314572,0.632714598391399
"349",1000,5,0.1,"0.5",1,"i",0.3,3.01257104647275,-0.0291126124052169,0.0299647082325261,5,1,0,-0.00909820736029554,199.999973666818,196,9.60243522038514,152.095841692504,NA,NA,0.995150860972415,122.603637623419,-0.0182319244652361
"350",1000,5,0.1,"0.5",1,"i",0.3,3.31370779003678,0.011435033843342,0.0487019866213312,7,1,0.6,0.315954161380833,199.995424251881,199,15.5871035016427,146.385813314899,NA,NA,1.06824761127519,116.225545557215,0.632280843486507
"351",1000,6,0.1,"0.5",1,"i",0.3,2.97268472082915,-0.0117200663138971,0.0308053940368675,5,1,0,-0.01220449714238,199.991945980088,211,168.257842195931,151.01316392571,NA,NA,0.991885273231615,122.18456796396,-0.0244515642202204
"352",1000,6,0.1,"0.5",1,"i",0.3,3.19327983951856,0.0361283070816427,0.0491252316487106,6,1,0.6,0.314442605650452,199.997564603846,198,11.1481078079982,145.090394174084,NA,NA,1.03139508638024,114.737255046412,0.628886122355045
"353",1000,7,0.1,"0.5",1,"i",0.3,2.93610832497493,-0.00934271302426,0.0303692822737676,5,1,0,-0.00229553253541975,199.996117200149,194,10.3716934973422,148.527733230106,NA,NA,1.04358719221796,122.539694332414,-0.00460018835575634
"354",1000,7,0.1,"0.5",1,"i",0.3,3.29625543296556,0.0121122668727557,0.0477426945664412,7,1,0.6,0.312729059797245,199.999548924726,200,9.87187854590862,146.98185483871,NA,NA,1.12947417478932,114.536004666934,0.630146774875255
"355",1000,8,0.1,"0.5",1,"i",0.3,3.06750250752257,-0.0198153154555554,0.0329594872968643,5,1,0,-0.000118892283671401,199.992017885957,189,124.555324439359,149.91343344306,NA,NA,0.998986118750182,126.10877131306,-0.000238175651096152
"356",1000,8,0.1,"0.5",1,"i",0.3,3.34065529923103,0.00861346615290775,0.0489396411092985,7,1,0.6,0.314263049932144,199.999555639559,190,63.5645878201678,145.997237728031,NA,NA,0.992122624018577,112.76641668191,0.629257906256012
"357",1000,9,0.1,"0.5",1,"i",0.3,3.01504513540622,-0.0286289194762888,0.0315701929474385,5,1,0,0.0091186297105961,199.99650908924,196,159.254304397333,153.624026675949,NA,NA,0.98066013237288,122.936318169361,0.0182889426957224
"358",1000,9,0.1,"0.5",1,"i",0.3,3.27572718154463,0.0258408725184379,0.0516549802504669,7,1,0.6,0.315552454756446,199.999833005887,200,195.4477295831,145.220198675497,NA,NA,1.07030086920911,113.195931051928,0.632747645023993
"359",1000,10,0.1,"0.5",1,"i",0.3,3.13009027081244,-0.0163637423590355,0.0354728105873682,5,1,0,0.00671500962264932,199.990489907172,192,160.861159014391,148.131806919165,NA,NA,1.01985254951001,121.300229722566,0.0134301575989893
"360",1000,10,0.1,"0.5",1,"i",0.3,3.32166499498496,0.0125308352763072,0.0494610019023462,6,1,0.6,0.31562571365048,199.999287449699,186,110.307859099489,145.927080742965,NA,NA,0.958547455005725,118.007703383729,0.631531611324036
"361",1000,1,0.1,"100000",1,"i",0,3.06111668338348,-0.0104635620439791,0.0327005832368553,5,1,0,-0.00137320688243264,28.4741494838486,163,5.09764077941219,597,NA,NA,0.970040680973856,NA,-0.00277125828867084
"362",1000,1,0.1,"100000",1,"i",0,3.30959545302574,0.00275203001469851,0.0470653601373876,6,1,0.6,0.31121931491566,25.3678781764008,198,5.95151435400086,596,NA,NA,0.93677922045029,NA,0.623206659253171
"363",1000,2,0.1,"100000",1,"i",0,3.03233032430625,-0.0105775195455304,0.0317871594429805,5,1,0,0.0202386698711984,23.5012844346917,190,5.44246954018706,635,NA,NA,0.975584237672861,NA,0.0404872521050336
"364",1000,2,0.1,"100000",1,"i",0,3.42657973921765,-0.0251812643456622,0.0479758803383778,8,1,0.6,0.315429417641088,20.1242143058796,211,3.77209421993235,623,NA,NA,Inf,NA,0.630880186003806
"365",1000,3,0.1,"100000",1,"i",0,3.07572718154463,-0.0174435107741797,0.0324148051524539,5,1,0,-0.00947679548173103,30.1211621008745,173,5.16117951470654,621,NA,NA,0.974647401346282,NA,-0.0189592336685969
"366",1000,3,0.1,"100000",1,"i",0,3.33176195252424,-0.00519337558184165,0.0457286785144451,7,1,0.6,0.312403529545507,17.7145390347251,191,4.92752947986245,571,NA,NA,1.42842327700165,NA,0.626105340377575
"367",1000,4,0.1,"100000",1,"i",0,3.02564359745904,-0.0251020364364839,0.0300341447782799,5,1,0,0.00711846673420455,28.6266936830021,186,7.80443358181695,689,NA,NA,1.08917552895703,NA,0.0142370159678754
"368",1000,4,0.1,"100000",1,"i",0,3.29030424607155,0.0151880491956945,0.0473413065347058,7,1,0.6,0.315853156259149,20.9073884072835,200,4.86518091548268,622,NA,NA,1.04202073191304,NA,0.632714598391399
"369",1000,5,0.1,"100000",1,"i",0,3.01257104647275,-0.0291126124052169,0.0299647082325261,5,1,0,-0.00909820736029554,18.2733174179097,197,4.76780911348127,610,NA,NA,0.889077686549031,NA,-0.0182319244652361
"370",1000,5,0.1,"100000",1,"i",0,3.31370779003678,0.011435033843342,0.0487019866213312,7,1,0.6,0.315954161380833,19.2434631792,207,3.64820063009435,601,NA,NA,1.10144542788777,NA,0.632280843486507
"371",1000,6,0.1,"100000",1,"i",0,2.97268472082915,-0.0117200663138971,0.0308053940368675,5,1,0,-0.01220449714238,26.7266204605002,134,7.45097411783436,586,NA,NA,0.856061909847616,NA,-0.0244515642202204
"372",1000,6,0.1,"100000",1,"i",0,3.19327983951856,0.0361283070816427,0.0491252316487106,6,1,0.6,0.314442605650452,25.5367016677109,201,5.75517196999903,617,NA,NA,1.0273101676114,NA,0.628886122355045
"373",1000,7,0.1,"100000",1,"i",0,2.93610832497493,-0.00934271302426,0.0303692822737676,5,1,0,-0.00229553253541975,24.6235089594563,169,3.69515074772749,598,NA,NA,1.14839436325707,NA,-0.00460018835575634
"374",1000,7,0.1,"100000",1,"i",0,3.29625543296556,0.0121122668727557,0.0477426945664412,7,1,0.6,0.312729059797245,19.620814460342,189,4.64556816315331,572,NA,NA,0.839529284217703,NA,0.630146774875255
"375",1000,8,0.1,"100000",1,"i",0,3.06750250752257,-0.0198153154555554,0.0329594872968643,5,1,0,-0.000118892283671401,22.0333462965045,176,6.91952267270349,629,NA,NA,0.9804996544329,NA,-0.000238175651096152
"376",1000,8,0.1,"100000",1,"i",0,3.34065529923103,0.00861346615290775,0.0489396411092985,7,1,0.6,0.314263049932144,19.0820849224605,180,5.6015231321087,574,NA,NA,0.840376053041244,NA,0.629257906256012
"377",1000,9,0.1,"100000",1,"i",0,3.01504513540622,-0.0286289194762888,0.0315701929474385,5,1,0,0.0091186297105961,33.3722430242637,153,7.57137293246957,657,NA,NA,Inf,NA,0.0182889426957224
"378",1000,9,0.1,"100000",1,"i",0,3.27572718154463,0.0258408725184379,0.0516549802504669,7,1,0.6,0.315552454756446,17.4814338351045,169,3.53098070770036,581,NA,NA,Inf,NA,0.632747645023993
"379",1000,10,0.1,"100000",1,"i",0,3.13009027081244,-0.0163637423590355,0.0354728105873682,5,1,0,0.00671500962264932,25.3363481607422,109,7.82824473714396,566,NA,NA,0.820085421686705,NA,0.0134301575989893
"380",1000,10,0.1,"100000",1,"i",0,3.32166499498496,0.0125308352763072,0.0494610019023462,6,1,0.6,0.31562571365048,26.045033340464,173,10.9269790968319,568,NA,NA,1.7302709318431,NA,0.631531611324036
"381",1000,1,0.1,"100000",1,"i",0.1,3.06111668338348,-0.0104635620439791,0.0327005832368553,5,1,0,-0.00137320688243264,199.99636426151,221,4.74468233060972,80.2440393678958,NA,NA,0.895973306047626,NA,-0.00277125828867084
"382",1000,1,0.1,"100000",1,"i",0.1,3.30959545302574,0.00275203001469851,0.0470653601373876,6,1,0.6,0.31121931491566,199.998070999054,221,4.65892473438393,79.4284953867991,NA,NA,1.05964212361831,NA,0.623206659253171
"383",1000,2,0.1,"100000",1,"i",0.1,3.03233032430625,-0.0105775195455304,0.0317871594429805,5,1,0,0.0202386698711984,199.991759156178,220,3.85049928020717,79.6321214458507,NA,NA,1.02064502766357,NA,0.0404872521050336
"384",1000,2,0.1,"100000",1,"i",0.1,3.42657973921765,-0.0251812643456622,0.0479758803383778,8,1,0.6,0.315429417641088,199.992980980833,234,4.12385392130282,78.2277041864419,NA,NA,1.11414662246648,NA,0.630880186003806
"385",1000,3,0.1,"100000",1,"i",0.1,3.07572718154463,-0.0174435107741797,0.0324148051524539,5,1,0,-0.00947679548173103,199.992982147053,209,5.18735782132696,80.4848054824865,NA,NA,1.00335234887557,NA,-0.0189592336685969
"386",1000,3,0.1,"100000",1,"i",0.1,3.33176195252424,-0.00519337558184165,0.0457286785144451,7,1,0.6,0.312403529545507,199.998364745629,220,3.46070995454232,80.3899216203094,NA,NA,1.15497462398782,NA,0.626105340377575
"387",1000,4,0.1,"100000",1,"i",0.1,3.02564359745904,-0.0251020364364839,0.0300341447782799,5,1,0,0.00711846673420455,199.992596711848,246,5.62776784631331,82.5211588874136,NA,NA,1.01151414982122,NA,0.0142370159678754
"388",1000,4,0.1,"100000",1,"i",0.1,3.29030424607155,0.0151880491956945,0.0473413065347058,7,1,0.6,0.315853156259149,199.99286982349,211,3.91485849269652,78.9273078273078,NA,NA,1.04391524825672,NA,0.632714598391399
"389",1000,5,0.1,"100000",1,"i",0.1,3.01257104647275,-0.0291126124052169,0.0299647082325261,5,1,0,-0.00909820736029554,199.99737686248,210,4.50868844696453,84.2099462456472,NA,NA,0.953124988133865,NA,-0.0182319244652361
"390",1000,5,0.1,"100000",1,"i",0.1,3.31370779003678,0.011435033843342,0.0487019866213312,7,1,0.6,0.315954161380833,199.989131745555,200,5.59705313703506,80.631318623496,NA,NA,1.02429895828316,NA,0.632280843486507
"391",1000,6,0.1,"100000",1,"i",0.1,2.97268472082915,-0.0117200663138971,0.0308053940368675,5,1,0,-0.01220449714238,199.975148093493,242,4.2126615605548,83.3764853244863,NA,NA,1.01094487013669,NA,-0.0244515642202204
"392",1000,6,0.1,"100000",1,"i",0.1,3.19327983951856,0.0361283070816427,0.0491252316487106,6,1,0.6,0.314442605650452,199.993444634794,201,4.29851291538432,79.6715719300734,NA,NA,1.07584934155144,NA,0.628886122355045
"393",1000,7,0.1,"100000",1,"i",0.1,2.93610832497493,-0.00934271302426,0.0303692822737676,5,1,0,-0.00229553253541975,199.977556289132,218,5.12789913682298,84.0572372412863,NA,NA,0.99289773171524,NA,-0.00460018835575634
"394",1000,7,0.1,"100000",1,"i",0.1,3.29625543296556,0.0121122668727557,0.0477426945664412,7,1,0.6,0.312729059797245,199.999027502388,219,4.00179913046889,78.5963448690304,NA,NA,1.11719594161082,NA,0.630146774875255
"395",1000,8,0.1,"100000",1,"i",0.1,3.06750250752257,-0.0198153154555554,0.0329594872968643,5,1,0,-0.000118892283671401,199.992738103872,195,6.99537815801836,79.7081693084828,NA,NA,1.02973542515461,NA,-0.000238175651096152
"396",1000,8,0.1,"100000",1,"i",0.1,3.34065529923103,0.00861346615290775,0.0489396411092985,7,1,0.6,0.314263049932144,199.999576191066,229,5.58701105674536,76.6705992712054,NA,NA,1.0648830556073,NA,0.629257906256012
"397",1000,9,0.1,"100000",1,"i",0.1,3.01504513540622,-0.0286289194762888,0.0315701929474385,5,1,0,0.0091186297105961,199.995244960596,216,5.20969457172452,82.2251644344477,NA,NA,1.02880786344915,NA,0.0182889426957224
"398",1000,9,0.1,"100000",1,"i",0.1,3.27572718154463,0.0258408725184379,0.0516549802504669,7,1,0.6,0.315552454756446,199.991338792794,235,4.21374307675978,77.9976198088742,NA,NA,1.18382981472467,NA,0.632747645023993
"399",1000,10,0.1,"100000",1,"i",0.1,3.13009027081244,-0.0163637423590355,0.0354728105873682,5,1,0,0.00671500962264932,199.999961176595,237,4.72231386850429,80.5986711656869,NA,NA,1.06236496030703,NA,0.0134301575989893
"400",1000,10,0.1,"100000",1,"i",0.1,3.32166499498496,0.0125308352763072,0.0494610019023462,6,1,0.6,0.31562571365048,199.99971779038,225,5.62128521884853,80.575564399676,NA,NA,0.97438191967659,NA,0.631531611324036
"401",1000,1,0.1,"100000",1,"i",0.3,3.06111668338348,-0.0104635620439791,0.0327005832368553,5,1,0,-0.00137320688243264,199.999029373927,259,6.56403541814123,192.6887253501,NA,NA,0.982731802383125,NA,-0.00277125828867084
"402",1000,1,0.1,"100000",1,"i",0.3,3.30959545302574,0.00275203001469851,0.0470653601373876,6,1,0.6,0.31121931491566,199.999440472282,246,4.55187791921041,184.2654872528,NA,NA,1.07522449691127,NA,0.623206659253171
"403",1000,2,0.1,"100000",1,"i",0.3,3.03233032430625,-0.0105775195455304,0.0317871594429805,5,1,0,0.0202386698711984,199.997403212388,258,4.23962921878993,190.105066367545,NA,NA,0.982821492564871,NA,0.0404872521050336
"404",1000,2,0.1,"100000",1,"i",0.3,3.42657973921765,-0.0251812643456622,0.0479758803383778,8,1,0.6,0.315429417641088,199.986967990714,270,4.14257613330075,187.61088763347,NA,NA,0.96745826487064,NA,0.630880186003806
"405",1000,3,0.1,"100000",1,"i",0.3,3.07572718154463,-0.0174435107741797,0.0324148051524539,5,1,0,-0.00947679548173103,199.995134462842,279,3.70388221866321,193.085316101792,NA,NA,1.00424167427639,NA,-0.0189592336685969
"406",1000,3,0.1,"100000",1,"i",0.3,3.33176195252424,-0.00519337558184165,0.0457286785144451,7,1,0.6,0.312403529545507,199.998530745979,261,3.99667949405917,184.335103684917,NA,NA,1.13307458216608,NA,0.626105340377575
"407",1000,4,0.1,"100000",1,"i",0.3,3.02564359745904,-0.0251020364364839,0.0300341447782799,5,1,0,0.00711846673420455,199.997781246815,281,5.28649743312824,193.164082505558,NA,NA,0.979337910487919,NA,0.0142370159678754
"408",1000,4,0.1,"100000",1,"i",0.3,3.29030424607155,0.0151880491956945,0.0473413065347058,7,1,0.6,0.315853156259149,199.998045334444,273,4.90457676557372,185.924781063681,NA,NA,0.994892467301525,NA,0.632714598391399
"409",1000,5,0.1,"100000",1,"i",0.3,3.01257104647275,-0.0291126124052169,0.0299647082325261,5,1,0,-0.00909820736029554,199.992885926647,283,4.34110640792607,194.425447372529,NA,NA,0.990871454077149,NA,-0.0182319244652361
"410",1000,5,0.1,"100000",1,"i",0.3,3.31370779003678,0.011435033843342,0.0487019866213312,7,1,0.6,0.315954161380833,199.997999363745,243,5.07408299111859,185.04561283917,NA,NA,1.02946634066749,NA,0.632280843486507
"411",1000,6,0.1,"100000",1,"i",0.3,2.97268472082915,-0.0117200663138971,0.0308053940368675,5,1,0,-0.01220449714238,199.996988735264,269,5.29534491745831,191.904875894104,NA,NA,1.00266424069737,NA,-0.0244515642202204
"412",1000,6,0.1,"100000",1,"i",0.3,3.19327983951856,0.0361283070816427,0.0491252316487106,6,1,0.6,0.314442605650452,199.999132563103,269,4.91655004978526,185.737320887092,NA,NA,0.98858566317977,NA,0.628886122355045
"413",1000,7,0.1,"100000",1,"i",0.3,2.93610832497493,-0.00934271302426,0.0303692822737676,5,1,0,-0.00229553253541975,199.995493404288,260,4.90465139437738,191.711542337259,NA,NA,1.05399928124832,NA,-0.00460018835575634
"414",1000,7,0.1,"100000",1,"i",0.3,3.29625543296556,0.0121122668727557,0.0477426945664412,7,1,0.6,0.312729059797245,199.998078786084,267,4.48788183027979,185.733188397165,NA,NA,1.07566373286559,NA,0.630146774875255
"415",1000,8,0.1,"100000",1,"i",0.3,3.06750250752257,-0.0198153154555554,0.0329594872968643,5,1,0,-0.000118892283671401,199.997241680349,264,4.61654551312154,189.773480584254,NA,NA,1.0085841230616,NA,-0.000238175651096152
"416",1000,8,0.1,"100000",1,"i",0.3,3.34065529923103,0.00861346615290775,0.0489396411092985,7,1,0.6,0.314263049932144,199.993006112988,267,4.37380762851449,176.740952556652,NA,NA,0.989408599875863,NA,0.629257906256012
"417",1000,9,0.1,"100000",1,"i",0.3,3.01504513540622,-0.0286289194762888,0.0315701929474385,5,1,0,0.0091186297105961,199.997237413428,272,6.59158577535574,190.050739141624,NA,NA,1.04509993085599,NA,0.0182889426957224
"418",1000,9,0.1,"100000",1,"i",0.3,3.27572718154463,0.0258408725184379,0.0516549802504669,7,1,0.6,0.315552454756446,199.999785635032,245,4.78198350397366,186.294924106414,NA,NA,1.05061856886662,NA,0.632747645023993
"419",1000,10,0.1,"100000",1,"i",0.3,3.13009027081244,-0.0163637423590355,0.0354728105873682,5,1,0,0.00671500962264932,199.998245671521,279,5.3352311633033,191.131328256467,NA,NA,0.979858706554565,NA,0.0134301575989893
"420",1000,10,0.1,"100000",1,"i",0.3,3.32166499498496,0.0125308352763072,0.0494610019023462,6,1,0.6,0.31562571365048,199.999551738525,275,3.6076219941879,187.45894480423,NA,NA,0.959678144196289,NA,0.631531611324036
