failed,n,q,tau,delt,psi,y,net_mean_k,net_var_k,sim_dur,m_rec,f_rec
no,1000,0,0.0001,100000,0,0,10.012,193.908,9.817849250565711,8,4
no,1000,0,0.0001,100000,0,1,10.014,199.288,4.912327710094979,4,4
no,1000,0,0.0001,100000,0,2,10.018,186.25,4.744286208487785,7,3
no,1000,0,0.0001,100000,0,3,9.998,183.338,5.850409782907979,4,8
no,1000,0,0.0001,100000,0,4,10.004,186.258,3.7828640670180214,4,5
no,1000,0,0.0001,100000,0,5,10.012,190.518,7.8462229429396135,13,6
no,1000,0,0.0001,100000,0,6,10.008,184.686,3.876137988377745,5,4
no,1000,0,0.0001,100000,0,7,10.002,202.174,7.757563474573935,3,7
no,1000,0,0.0001,100000,0,8,10.0,192.29,6.574686068924987,8,3
no,1000,0,0.0001,100000,0,9,10.02,187.602,7.825324344862075,5,6
no,1000,0,0.0001,100000,0,10,10.002,185.104,5.343990177825384,7,7
no,1000,0,0.0001,100000,0,11,10.012,193.908,3.4165539618339005,3,5
no,1000,0,0.0001,100000,0,12,10.014,192.148,11.168879064784281,5,5
yes,1000,0,0.0001,100000,0,13,100.062,10001.034,6.0148974381767975,6,7
no,1000,0,0.0001,100000,0,14,9.996,182.326,0.8124183108675043,5,2
no,1000,0,0.0001,100000,0,15,10.008,192.936,3.899567413525112,5,8
no,1000,0,0.0001,100000,0,16,10.006,187.616,5.25630372502996,6,3
no,1000,0,0.0001,100000,0,17,10.006,184.922,6.4037180134104155,7,5
no,1000,0,0.0001,100000,0,18,10.01,183.35,2.3326163867806264,7,1
no,1000,0,0.0001,100000,0,19,10.008,181.554,3.530168186515554,3,5
no,1000,0,0.0001,100000,0,20,10.014,185.164,3.3602660164129072,4,6
no,1000,0,0.0001,100000,0,21,10.014,191.736,8.314602548726336,5,9
no,1000,0,0.0001,100000,0,22,10.012,193.908,5.763889507746716,5,6
no,1000,0,0.0001,100000,0,23,10.014,186.54,3.1586588660313075,1,6
no,1000,0,0.0001,100000,0,24,10.014,184.95,5.494868231547104,5,6
no,1000,0,0.0001,100000,0,25,10.02,189.524,5.523359777475144,4,6
no,1000,0,0.001,100000,0,0,10.008,189.88,4.779039893604299,10,3
no,1000,0,0.001,100000,0,1,10.008,184.44,5.838241414477264,7,2
no,1000,0,0.001,100000,0,2,10.01,193.98,5.31458678928712,4,6
no,1000,0,0.001,100000,0,3,10.008,184.66,5.72045639334926,3,3
no,1000,0,0.001,100000,0,4,10.008,188.762,7.895450126702434,4,5
no,1000,0,0.001,100000,0,5,10.016,190.488,3.5302463513246902,6,4
no,1000,0,0.001,100000,0,6,10.006,184.276,3.959444760773549,4,3
no,1000,0,0.001,100000,0,7,10.012,193.908,2.2185392423834207,3,6
no,1000,0,0.001,100000,0,8,10.006,199.308,7.394688954488726,6,6
no,1000,0,0.001,100000,0,9,10.012,191.988,8.658228750297614,6,5
no,1000,0,0.001,100000,0,10,10.004,191.654,4.459337057746639,5,6
no,1000,0,0.001,100000,0,11,10.012,190.522,3.508514634204775,4,6
no,1000,0,0.001,100000,0,12,10.008,184.724,6.257894992483159,11,8
no,1000,0,0.001,100000,0,13,10.02,199.602,8.709761943213405,7,10
no,1000,0,0.001,100000,0,14,10.016,190.498,6.191261137719325,3,7
no,1000,0,0.001,100000,0,15,10.0,192.272,5.890441408039297,10,7
no,1000,0,0.001,100000,0,16,9.992,187.866,9.680117738589171,3,5
no,1000,0,0.001,100000,0,17,10.002,185.132,5.96658637661233,8,10
no,1000,0,0.001,100000,0,18,10.012,193.908,7.187798207127162,4,9
no,1000,0,0.001,100000,0,19,10.02,193.906,9.524275261929105,9,8
no,1000,0,0.001,100000,0,20,10.012,188.982,2.460590046402158,2,1
no,1000,0,0.001,100000,0,21,10.014,184.95,7.944878614119758,4,9
yes,1000,0,0.001,100000,0,22,100.534,10102.346,2.5574621879756876,5,3
no,1000,0,0.001,100000,0,23,10.014,180.94,4.7212093624362845,2,1
no,1000,0,0.001,100000,0,24,10.0,185.834,5.91270476872664,8,5
no,1000,0,0.001,100000,0,25,10.004,181.036,3.5153841552868403,2,5
no,1000,0,0.005,100000,0,0,10.006,184.446,7.387933449744926,11,3
no,1000,0,0.005,100000,0,1,10.012,190.54,7.2952059983202995,6,9
no,1000,0,0.005,100000,0,2,10.008,184.648,13.309499723885232,4,5
no,1000,0,0.005,100000,0,3,10.012,193.908,1.1497929966888754,3,2
no,1000,0,0.005,100000,0,4,10.02,183.91,3.997716158954198,2,4
no,1000,0,0.005,100000,0,5,10.02,194.238,7.623615703392633,6,7
no,1000,0,0.005,100000,0,6,9.998,189.978,3.5860097791607055,10,5
no,1000,0,0.005,100000,0,7,10.0,185.218,4.319337063796063,6,12
no,1000,0,0.005,100000,0,8,10.002,179.298,8.578757769053372,9,10
no,1000,0,0.005,100000,0,9,10.008,181.85,9.696288726395796,6,8
no,1000,0,0.005,100000,0,10,10.008,184.652,3.2984859891614144,6,2
no,1000,0,0.005,100000,0,11,10.02,187.298,5.398290515040032,3,4
no,1000,0,0.005,100000,0,12,10.014,205.426,6.601827491873707,5,9
no,1000,0,0.005,100000,0,13,10.002,187.078,5.8013621801105995,1,5
no,1000,0,0.005,100000,0,14,10.012,193.908,9.001232906918975,5,5
no,1000,0,0.005,100000,0,15,10.014,191.292,9.104195031765567,8,8
no,1000,0,0.005,100000,0,16,10.008,182.394,3.565665997128381,2,8
no,1000,0,0.005,100000,0,17,10.002,176.996,3.818564121555313,6,10
no,1000,0,0.005,100000,0,18,10.01,188.178,4.999463001032347,5,12
no,1000,0,0.005,100000,0,19,10.0,180.508,3.0764737470546493,4,6
no,1000,0,0.005,100000,0,20,10.008,184.722,6.875012169209048,5,4
no,1000,0,0.005,100000,0,21,10.01,199.54,2.4009784707539876,7,2
no,1000,0,0.005,100000,0,22,10.01,184.984,2.484817500883305,5,6
no,1000,0,0.005,100000,0,23,10.006,187.58,9.80718555162506,9,5
no,1000,0,0.005,100000,0,24,9.998,186.192,6.382056673824429,4,3
no,1000,0,0.005,100000,0,25,10.012,193.908,5.051648303294886,7,7
no,1000,0,0.01,100000,0,0,10.014,188.498,5.94621621401487,3,6
no,1000,0,0.01,100000,0,1,10.008,184.262,6.568072990527114,5,8
no,1000,0,0.01,100000,0,2,10.004,191.654,10.422418957408912,7,11
no,1000,0,0.01,100000,0,3,10.018,181.76,5.604640860427974,7,12
no,1000,0,0.01,100000,0,4,10.008,192.472,1.8715950895037374,2,2
no,1000,0,0.01,100000,0,5,10.004,189.49,4.297897264676694,4,6
no,1000,0,0.01,100000,0,6,10.012,190.522,4.942447643463716,7,4
no,1000,0,0.01,100000,0,7,10.018,191.842,1.0454411255906495,3,2
no,1000,0,0.01,100000,0,8,10.018,202.284,5.023790717711991,7,4
no,1000,0,0.01,100000,0,9,10.01,181.628,1.5923264518441238,1,3
no,1000,0,0.01,100000,0,10,10.012,193.908,6.651509431189101,9,10
no,1000,0,0.01,100000,0,11,10.016,196.476,4.736459200333256,5,7
no,1000,0,0.01,100000,0,12,10.008,181.138,8.764596274174805,6,9
no,1000,0,0.01,100000,0,13,10.01,184.77,5.104716685719987,6,11
no,1000,0,0.01,100000,0,14,10.008,182.814,5.3554526812181225,7,12
no,1000,0,0.01,100000,0,15,10.018,181.76,2.242961924542133,5,2
no,1000,0,0.01,100000,0,16,10.002,174.046,2.4453382275253714,4,6
no,1000,0,0.01,100000,0,17,10.002,179.286,26.127328524436784,17,10
no,1000,0,0.01,100000,0,18,10.006,184.446,3.8953391333389575,0,1
no,1000,0,0.01,100000,0,19,10.018,188.842,7.141959574794514,5,5
no,1000,0,0.01,100000,0,20,10.016,190.884,10.418632387252497,16,8
no,1000,0,0.01,100000,0,21,10.012,193.908,7.951952563667754,10,8
no,1000,0,0.01,100000,0,22,10.012,189.006,4.499555513934218,7,4
no,1000,0,0.01,100000,0,23,10.02,188.932,8.759129135359855,4,5
no,1000,0,0.01,100000,0,24,10.01,187.384,6.899353817048591,6,8
no,1000,0,0.01,100000,0,25,10.008,187.926,6.777669476511726,5,4
no,1000,0,0.015,100000,0,0,10.002,184.724,8.27685956758394,12,6
no,1000,0,0.015,100000,0,1,10.006,187.982,11.432246939890174,15,6
no,1000,0,0.015,100000,0,2,10.008,184.682,10.82949691091047,20,21
no,1000,0,0.015,100000,0,3,10.016,190.884,8.080525089511818,20,13
no,1000,0,0.015,100000,0,4,10.014,195.026,12.268161268157279,7,14
no,1000,0,0.015,100000,0,5,10.02,187.298,10.188516412050689,11,11
no,1000,0,0.015,100000,0,6,10.012,193.908,8.42533338826212,9,13
no,1000,0,0.015,100000,0,7,10.014,188.496,6.4558191114169095,1,1
no,1000,0,0.015,100000,0,8,10.018,191.522,8.418757840372802,10,10
no,1000,0,0.015,100000,0,9,10.008,184.476,7.919919521707346,10,5
no,1000,0,0.015,100000,0,10,10.014,184.702,5.4618521498502846,5,11
no,1000,0,0.015,100000,0,11,10.01,184.622,6.804079911184868,8,11
no,1000,0,0.015,100000,0,12,10.016,182.182,8.94375029321873,7,17
no,1000,0,0.015,100000,0,13,10.008,179.572,7.114353081208863,7,12
no,1000,0,0.015,100000,0,14,10.002,179.298,8.114274450804725,3,2
no,1000,0,0.015,100000,0,15,10.01,189.702,8.370464832341217,4,2
no,1000,0,0.015,100000,0,16,10.012,185.138,16.236528542726923,6,11
no,1000,0,0.015,100000,0,17,10.012,193.908,4.10678985441511,3,10
no,1000,0,0.015,100000,0,18,10.02,188.004,6.604119839617985,5,1
no,1000,0,0.015,100000,0,19,10.014,184.95,4.81231713877259,8,9
no,1000,0,0.015,100000,0,20,10.02,183.922,3.7545140003017416,8,7
no,1000,0,0.015,100000,0,21,10.012,184.024,4.389560608078451,8,7
no,1000,0,0.015,100000,0,22,10.014,203.644,4.886474909180946,10,6
no,1000,0,0.015,100000,0,23,10.008,182.394,4.909143785252337,7,7
no,1000,0,0.015,100000,0,24,10.008,184.65,3.245592391287019,4,4
no,1000,0,0.015,100000,0,25,10.014,195.838,3.644253346910022,5,3
no,1000,0,0.03,100000,0,0,9.994,194.612,29.216040387861177,90,99
no,1000,0,0.03,100000,0,1,10.002,188.71,8.846708478972193,14,23
no,1000,0,0.03,100000,0,2,10.012,193.908,40.30574651682471,28,49
no,1000,0,0.03,100000,0,3,10.02,188.004,12.73700530302878,40,30
no,1000,0,0.03,100000,0,4,10.01,181.996,19.41423721925234,58,52
no,1000,0,0.03,100000,0,5,10.018,181.76,15.61923122614116,44,46
no,1000,0,0.03,100000,0,6,10.02,191.526,5.356865164397071,6,4
no,1000,0,0.03,100000,0,7,10.0,181.896,24.28610729964075,28,21
no,1000,0,0.03,100000,0,8,10.008,189.894,20.145043316153135,27,34
no,1000,0,0.03,100000,0,9,10.01,185.3,11.763274746367207,8,12
no,1000,0,0.03,100000,0,10,10.008,184.704,20.38237731615137,26,37
no,1000,0,0.03,100000,0,11,10.014,195.026,3.8082229772814626,8,3
no,1000,0,0.03,100000,0,12,10.02,187.298,15.78177517246854,21,25
no,1000,0,0.03,100000,0,13,10.012,193.908,24.175048498514222,13,19
no,1000,0,0.03,100000,0,14,10.014,186.636,17.118644145394573,27,25
no,1000,0,0.03,100000,0,15,10.012,191.856,31.393872839019487,81,81
no,1000,0,0.03,100000,0,16,10.018,186.274,36.63251854237867,92,97
no,1000,0,0.03,100000,0,17,10.012,190.556,7.845516929521845,13,12
no,1000,0,0.03,100000,0,18,10.014,199.008,18.538445546859183,26,25
no,1000,0,0.03,100000,0,19,10.012,186.38,4.674909395194053,8,3
no,1000,0,0.03,100000,0,20,10.014,205.426,21.188046790206272,20,31
no,1000,0,0.03,100000,0,21,10.016,193.476,6.927753588222083,3,4
no,1000,0,0.03,100000,0,22,10.016,183.396,12.761752485855315,15,12
no,1000,0,0.03,100000,0,23,10.012,179.972,39.81674104111547,107,104
no,1000,0,0.03,100000,0,24,10.012,193.908,15.769551228641514,22,29
no,1000,0,0.03,100000,0,25,10.006,199.308,21.452586737549563,69,59
no,1000,0,0.04,100000,0,0,10.012,191.874,2.6791424549987832,7,3
no,1000,0,0.04,100000,0,1,10.008,183.438,33.299151289924744,153,161
no,1000,0,0.04,100000,0,2,10.02,190.478,14.074210237789897,15,17
no,1000,0,0.04,100000,0,3,10.014,186.988,38.27315426162185,101,94
no,1000,0,0.04,100000,0,4,10.014,192.638,39.63372131492548,90,99
no,1000,0,0.04,100000,0,5,10.006,184.29,19.724302040184146,85,90
no,1000,0,0.04,100000,0,6,10.016,194.526,22.13896766444897,21,20
no,1000,0,0.04,100000,0,7,10.01,181.628,5.864921596456828,9,5
no,1000,0,0.04,100000,0,8,10.01,184.99,27.966526657043307,150,127
no,1000,0,0.04,100000,0,9,10.012,193.908,20.625131475862005,96,100
no,1000,0,0.04,100000,0,10,10.016,196.504,10.667495083942917,17,12
no,1000,0,0.04,100000,0,11,10.008,191.618,5.422776989394814,6,5
no,1000,0,0.04,100000,0,12,10.018,186.268,36.7158396579781,97,119
no,1000,0,0.04,100000,0,13,10.008,184.462,28.56345410890575,115,130
no,1000,0,0.04,100000,0,14,10.014,203.65,4.1324786407824625,8,8
no,1000,0,0.04,100000,0,15,10.008,184.69,21.411179241715388,19,20
no,1000,0,0.04,100000,0,16,10.004,181.12,48.126928398133124,124,118
no,1000,0,0.04,100000,0,17,10.018,188.862,7.778823258078205,9,7
no,1000,0,0.04,100000,0,18,10.02,198.482,23.86705014559249,81,81
no,1000,0,0.04,100000,0,19,10.014,183.896,36.55839813037347,109,119
no,1000,0,0.04,100000,0,20,10.012,193.908,7.12243872707826,6,7
no,1000,0,0.04,100000,0,21,10.014,195.76,31.23462909014022,104,108
no,1000,0,0.04,100000,0,22,10.02,194.324,3.791430725717644,2,3
no,1000,0,0.04,100000,0,23,10.008,184.44,25.88920888424322,160,167
no,1000,0,0.04,100000,0,24,10.004,189.772,9.817168188767498,22,19
no,1000,0,0.04,100000,0,25,10.012,187.448,35.80840739012751,122,131
no,1000,0,0.06,100000,0,0,10.002,187.794,24.411896838491387,223,223
no,1000,0,0.06,100000,0,1,10.0,181.896,29.08791020130398,186,183
no,1000,0,0.06,100000,0,2,10.008,184.646,20.398685596381153,207,212
no,1000,0,0.06,100000,0,3,10.016,190.884,30.248195775885208,192,226
no,1000,0,0.06,100000,0,4,10.018,193.216,25.6547572363487,195,190
no,1000,0,0.06,100000,0,5,10.012,193.908,24.9095343472522,193,190
no,1000,0,0.06,100000,0,6,10.012,188.978,31.60625126886246,218,213
no,1000,0,0.06,100000,0,7,10.006,185.106,26.197008269703417,203,198
no,1000,0,0.06,100000,0,8,10.012,191.852,23.531214254749436,237,236
no,1000,0,0.06,100000,0,9,10.018,191.524,21.132331208922693,198,206
no,1000,0,0.06,100000,0,10,10.012,184.088,28.901521641856352,195,200
yes,1000,0,0.06,100000,0,11,99.566,9899.482,21.583892501130713,499,500
no,1000,0,0.06,100000,0,12,10.018,181.76,37.81046775828518,202,188
no,1000,0,0.06,100000,0,13,10.002,179.284,25.65125187593358,231,235
no,1000,0,0.06,100000,0,14,10.008,181.85,26.078656296947845,228,216
no,1000,0,0.06,100000,0,15,10.01,189.094,41.89456647316717,194,218
no,1000,0,0.06,100000,0,16,10.012,193.908,25.38132201429061,205,183
no,1000,0,0.06,100000,0,17,10.014,191.318,2.471782302911409,1,3
no,1000,0,0.06,100000,0,18,10.018,191.53,29.355753622604073,208,221
no,1000,0,0.06,100000,0,19,10.016,182.182,21.35297236118559,194,189
no,1000,0,0.06,100000,0,20,10.02,191.486,19.098950657773063,187,172
no,1000,0,0.06,100000,0,21,10.012,185.532,21.601187174862343,202,212
no,1000,0,0.06,100000,0,22,10.014,195.026,22.335131368367094,220,215
no,1000,0,0.06,100000,0,23,10.018,202.284,21.934201801464063,214,198
no,1000,0,0.06,100000,0,24,10.012,198.528,21.13765769610708,218,210
no,1000,0,0.06,100000,0,25,10.016,189.95,29.156158175822693,210,206
no,1000,0,0.075,100000,0,0,10.014,184.198,29.279840457998183,267,261
no,1000,0,0.075,100000,0,1,10.012,193.908,31.585123158045512,239,232
no,1000,0,0.075,100000,0,2,10.02,188.004,28.52666245691221,236,245
no,1000,0,0.075,100000,0,3,10.014,184.95,38.85767137379558,252,255
no,1000,0,0.075,100000,0,4,10.008,184.462,26.69806987884943,266,255
no,1000,0,0.075,100000,0,5,10.002,187.808,30.794148234570237,267,254
no,1000,0,0.075,100000,0,6,10.016,190.884,23.815745805182978,248,244
no,1000,0,0.075,100000,0,7,10.018,193.208,21.634902460978758,252,247
no,1000,0,0.075,100000,0,8,10.008,192.978,22.634848689621656,266,261
no,1000,0,0.075,100000,0,9,10.01,184.994,23.1064878457408,261,246
no,1000,0,0.075,100000,0,10,10.006,189.238,19.272431806450353,269,244
no,1000,0,0.075,100000,0,11,10.006,187.586,25.545716601263987,257,242
no,1000,0,0.075,100000,0,12,10.012,193.908,17.977048930663685,260,274
no,1000,0,0.075,100000,0,13,10.018,191.762,22.72818143877702,244,244
no,1000,0,0.075,100000,0,14,10.018,186.226,26.046508481429182,291,267
no,1000,0,0.075,100000,0,15,9.998,189.97,24.184314274563356,267,273
no,1000,0,0.075,100000,0,16,9.998,186.942,25.406922260545223,245,253
no,1000,0,0.075,100000,0,17,10.008,184.664,23.439686118625236,255,267
no,1000,0,0.075,100000,0,18,10.016,190.884,23.448942536802964,247,262
no,1000,0,0.075,100000,0,19,10.014,191.946,4.278262606156041,9,6
no,1000,0,0.075,100000,0,20,10.02,187.298,16.80458528636097,290,282
no,1000,0,0.075,100000,0,21,10.006,184.274,24.556910820391156,263,241
no,1000,0,0.075,100000,0,22,10.012,198.534,27.045562748233845,251,252
no,1000,0,0.075,100000,0,23,10.012,193.908,19.817128570312498,245,225
no,1000,0,0.075,100000,0,24,10.014,186.628,30.072547246657415,278,267
no,1000,0,0.075,100000,0,25,10.018,184.138,31.50573734000669,265,248
no,1000,0,0.1,100000,0,0,10.02,194.25,28.202582893915604,320,298
no,1000,0,0.1,100000,0,1,10.002,201.04,24.71384992174337,298,266
no,1000,0,0.1,100000,0,2,10.018,182.738,24.454694250192368,316,297
no,1000,0,0.1,100000,0,3,10.004,191.942,15.808950078255023,305,303
no,1000,0,0.1,100000,0,4,10.004,185.368,18.28951655978142,307,305
yes,1000,0,0.1,100000,0,5,100.81,10149.606,13.760838774835532,500,500
no,1000,0,0.1,100000,0,6,10.008,184.432,21.011683486770647,318,292
no,1000,0,0.1,100000,0,7,10.012,191.694,20.489526788935763,277,275
no,1000,0,0.1,100000,0,8,10.012,193.908,21.016167865284235,292,308
no,1000,0,0.1,100000,0,9,10.02,193.902,21.318366975471378,302,302
no,1000,0,0.1,100000,0,10,10.018,191.63,18.246435803271154,290,283
no,1000,0,0.1,100000,0,11,10.02,191.548,23.926239888753937,303,283
no,1000,0,0.1,100000,0,12,10.012,200.936,22.272816606792098,294,301
no,1000,0,0.1,100000,0,13,10.002,188.71,18.622442281032512,295,296
no,1000,0,0.1,100000,0,14,10.01,179.726,19.818067245792758,289,286
no,1000,0,0.1,100000,0,15,10.006,185.706,18.212572692922137,295,300
no,1000,0,0.1,100000,0,16,10.002,181.59,18.914050391033076,321,315
no,1000,0,0.1,100000,0,17,10.012,186.944,21.90754672348013,296,296
no,1000,0,0.1,100000,0,18,10.006,191.018,16.57802975136766,318,306
no,1000,0,0.1,100000,0,19,10.012,193.908,18.815268185144745,301,312
no,1000,0,0.1,100000,0,20,10.018,188.492,24.32301442042416,313,311
no,1000,0,0.1,100000,0,21,10.006,186.266,21.67508125432494,310,311
no,1000,0,0.1,100000,0,22,10.008,184.452,19.491479844116974,279,294
no,1000,0,0.1,100000,0,23,10.002,183.804,18.195179779656073,315,294
no,1000,0,0.1,100000,0,24,10.01,193.968,23.661059584608488,297,287
no,1000,0,0.1,100000,0,25,10.006,184.446,21.951846883705212,278,284
no,1000,0,0.12,100000,0,0,10.01,184.72,18.88290399337868,334,323
no,1000,0,0.12,100000,0,1,10.014,195.026,23.13131236679242,332,315
no,1000,0,0.12,100000,0,2,10.004,185.28,18.292755325755085,310,315
no,1000,0,0.12,100000,0,3,10.004,188.644,12.80942751953697,314,340
no,1000,0,0.12,100000,0,4,10.012,193.908,16.465817918273853,298,312
no,1000,0,0.12,100000,0,5,10.02,193.916,21.019786952995034,323,324
no,1000,0,0.12,100000,0,6,10.006,187.982,19.76603980757861,318,328
no,1000,0,0.12,100000,0,7,10.02,187.298,18.09457399017404,337,338
no,1000,0,0.12,100000,0,8,9.996,186.418,19.78184055571959,315,322
no,1000,0,0.12,100000,0,9,10.006,184.302,18.312532579592474,314,310
no,1000,0,0.12,100000,0,10,10.0,192.264,23.248965220210447,353,324
no,1000,0,0.12,100000,0,11,10.0,190.212,13.434104166727105,346,334
no,1000,0,0.12,100000,0,12,10.002,175.912,20.159167212259508,313,318
no,1000,0,0.12,100000,0,13,10.01,182.528,22.099702864997145,333,327
no,1000,0,0.12,100000,0,14,10.002,185.11,17.031305480294733,323,308
no,1000,0,0.12,100000,0,15,10.012,193.908,16.959728799505672,341,338
no,1000,0,0.12,100000,0,16,10.012,191.89,22.090003637627863,311,342
no,1000,0,0.12,100000,0,17,10.012,185.092,19.506893577302115,338,343
no,1000,0,0.12,100000,0,18,9.996,182.244,27.4524563458178,333,335
no,1000,0,0.12,100000,0,19,10.0,181.896,19.026771530008073,346,336
no,1000,0,0.12,100000,0,20,10.02,199.602,19.3153627281883,327,322
no,1000,0,0.12,100000,0,21,10.012,185.532,25.801423623025677,322,320
no,1000,0,0.12,100000,0,22,10.014,195.026,22.711461998747666,349,354
no,1000,0,0.12,100000,0,23,10.01,199.54,19.05562313744382,319,314
no,1000,0,0.12,100000,0,24,10.008,194.944,19.70773882853476,327,337
no,1000,0,0.12,100000,0,25,10.006,187.58,19.52930214417021,314,354
no,1000,0,0.24,100000,0,0,10.012,193.908,16.97145188560838,392,392
no,1000,0,0.24,100000,0,1,10.012,188.986,20.276643360453814,386,405
no,1000,0,0.24,100000,0,2,10.014,188.662,17.103072159336573,411,396
no,1000,0,0.24,100000,0,3,10.006,187.496,16.481857995903837,391,401
no,1000,0,0.24,100000,0,4,10.002,187.794,17.258548212256304,401,389
no,1000,0,0.24,100000,0,5,10.002,174.034,18.53362585938601,407,383
no,1000,0,0.24,100000,0,6,10.016,190.532,18.449370775375158,409,404
no,1000,0,0.24,100000,0,7,10.006,184.266,13.646860452430655,409,388
no,1000,0,0.24,100000,0,8,10.016,194.476,21.19477720166352,395,394
no,1000,0,0.24,100000,0,9,10.01,194.944,15.632628890655822,391,405
no,1000,0,0.24,100000,0,10,10.006,189.37,22.10793026042895,389,394
no,1000,0,0.24,100000,0,11,10.012,193.908,15.672369232367831,395,393
no,1000,0,0.24,100000,0,12,10.014,199.288,20.39843514490448,403,389
no,1000,0,0.24,100000,0,13,10.012,187.292,17.570059471508344,397,399
no,1000,0,0.24,100000,0,14,10.008,192.52,20.146217290519697,426,400
no,1000,0,0.24,100000,0,15,10.002,177.01,17.993344284014917,403,396
no,1000,0,0.24,100000,0,16,10.004,189.522,16.413544192665967,399,395
no,1000,0,0.24,100000,0,17,10.02,187.298,19.43289497840648,397,409
no,1000,0,0.24,100000,0,18,10.012,186.384,16.67005745170087,382,404
no,1000,0,0.24,100000,0,19,10.006,182.194,19.17239628809888,387,389
no,1000,0,0.24,100000,0,20,10.018,194.214,17.549037388237917,405,398
yes,1000,0,0.24,100000,0,21,100.076,10000.286,21.27711107379392,500,500
no,1000,0,0.24,100000,0,22,10.012,193.908,16.4403856312153,403,396
no,1000,0,0.24,100000,0,23,10.014,186.63,21.49571554522848,396,400
no,1000,0,0.24,100000,0,24,10.014,190.366,18.232487561072823,392,395
no,1000,0,0.24,100000,0,25,10.006,187.982,16.108886475190012,402,391
no,1000,0,0.36,100000,0,0,9.996,182.19,13.427467991505367,439,435
no,1000,0,0.36,100000,0,1,9.998,180.128,17.47460929850441,430,419
no,1000,0,0.36,100000,0,2,10.014,191.938,15.876223604399502,425,429
no,1000,0,0.36,100000,0,3,9.994,194.612,18.146716728570304,429,446
no,1000,0,0.36,100000,0,4,10.0,186.956,14.74272319847531,427,421
no,1000,0,0.36,100000,0,5,10.006,184.3,14.852625720957287,435,433
no,1000,0,0.36,100000,0,6,10.012,198.492,12.764144739945042,422,435
no,1000,0,0.36,100000,0,7,10.012,193.908,18.766284068928307,422,401
no,1000,0,0.36,100000,0,8,10.02,193.928,18.519366785529577,433,432
no,1000,0,0.36,100000,0,9,10.014,184.95,19.401735869611162,417,422
no,1000,0,0.36,100000,0,10,10.012,184.522,18.479154261005853,422,423
no,1000,0,0.36,100000,0,11,10.02,194.286,17.64469122415972,426,430
no,1000,0,0.36,100000,0,12,10.012,187.292,16.46882516507274,428,426
no,1000,0,0.36,100000,0,13,10.0,193.462,20.600156160815793,433,431
no,1000,0,0.36,100000,0,14,10.002,187.814,14.339087639422832,421,441
no,1000,0,0.36,100000,0,15,10.012,190.516,16.783512913794656,425,434
no,1000,0,0.36,100000,0,16,10.004,204.68,19.6653424085976,424,417
no,1000,0,0.36,100000,0,17,10.016,191.162,16.425322536161765,431,422
no,1000,0,0.36,100000,0,18,10.012,193.908,16.68867198865637,425,423
no,1000,0,0.36,100000,0,19,10.02,193.898,12.13575689018729,427,418
no,1000,0,0.36,100000,0,20,10.002,200.044,24.211985269238845,414,431
no,1000,0,0.36,100000,0,21,10.008,184.446,21.261984221666545,444,425
no,1000,0,0.36,100000,0,22,10.006,187.982,12.0244198951168,421,438
no,1000,0,0.36,100000,0,23,10.01,193.428,13.268072099247817,414,420
no,1000,0,0.36,100000,0,24,10.006,184.358,13.744031599315907,430,434
no,1000,0,0.36,100000,0,25,10.016,190.5,13.621539265523786,428,432
no,1000,0.3,0.0001,100000,0,0,10.012,186.374,7.430723297574183,7,7
no,1000,0.3,0.0001,100000,0,1,10.002,185.752,7.414430441747187,4,3
no,1000,0.3,0.0001,100000,0,2,10.008,182.13,4.447826989509512,2,4
no,1000,0.3,0.0001,100000,0,3,10.0,192.27,5.417739307362131,6,4
no,1000,0.3,0.0001,100000,0,4,10.01,183.364,5.654153427111765,5,3
no,1000,0.3,0.0001,100000,0,5,10.002,197.836,5.799261021832441,3,6
no,1000,0.3,0.0001,100000,0,6,10.018,195.126,6.179936003406574,9,5
no,1000,0.3,0.0001,100000,0,7,10.0,179.486,2.9759900549256364,8,6
no,1000,0.3,0.0001,100000,0,8,10.01,194.146,3.9439910082827976,8,6
no,1000,0.3,0.0001,100000,0,9,10.002,190.104,5.157173602964871,7,4
no,1000,0.3,0.0001,100000,0,10,10.006,179.574,5.296725183080622,1,7
no,1000,0.3,0.0001,100000,0,11,10.014,185.348,6.126440759677065,7,10
no,1000,0.3,0.0001,100000,0,12,10.01,189.628,6.02154593939785,2,6
no,1000,0.3,0.0001,100000,0,13,10.018,193.994,2.490721780758552,3,2
no,1000,0.3,0.0001,100000,0,14,10.014,195.842,3.567268559271283,4,5
no,1000,0.3,0.0001,100000,0,15,10.01,185.312,5.9515118519139545,8,12
no,1000,0.3,0.0001,100000,0,16,10.008,184.678,6.661834803808226,6,5
no,1000,0.3,0.0001,100000,0,17,10.014,195.026,4.776791222165684,3,2
no,1000,0.3,0.0001,100000,0,18,9.998,185.056,5.497898502634809,4,2
no,1000,0.3,0.0001,100000,0,19,10.014,192.186,8.530042352033856,5,3
no,1000,0.3,0.0001,100000,0,20,10.012,184.794,6.495236158640693,8,4
no,1000,0.3,0.0001,100000,0,21,10.006,182.944,2.653649636607458,2,2
no,1000,0.3,0.0001,100000,0,22,10.012,194.186,6.623374516997943,7,7
no,1000,0.3,0.0001,100000,0,23,10.002,194.69,4.923141603505638,7,4
no,1000,0.3,0.0001,100000,0,24,10.002,190.122,3.4036625643820937,4,2
no,1000,0.3,0.0001,100000,0,25,10.018,193.208,8.761923578616472,9,6
no,1000,0.3,0.001,100000,0,0,10.018,202.3,8.219963684206967,5,4
no,1000,0.3,0.001,100000,0,1,10.01,179.726,3.1422964036982344,5,5
no,1000,0.3,0.001,100000,0,2,10.012,192.376,7.987812633970101,6,3
no,1000,0.3,0.001,100000,0,3,10.01,184.588,7.334757747127981,7,2
no,1000,0.3,0.001,100000,0,4,10.008,176.0,6.2331695278869645,6,6
no,1000,0.3,0.001,100000,0,5,10.0,199.214,5.449480504580093,4,4
no,1000,0.3,0.001,100000,0,6,10.002,186.094,5.430346809579706,3,9
no,1000,0.3,0.001,100000,0,7,10.002,184.538,4.209971949147269,4,5
no,1000,0.3,0.001,100000,0,8,10.014,188.942,3.4455045663039696,6,3
no,1000,0.3,0.001,100000,0,9,10.004,194.85,11.506825011677154,13,5
no,1000,0.3,0.001,100000,0,10,10.018,193.208,2.41698613302809,3,5
no,1000,0.3,0.001,100000,0,11,10.012,185.532,9.639615815592895,6,2
no,1000,0.3,0.001,100000,0,12,10.004,188.66,3.066425892599627,5,6
no,1000,0.3,0.001,100000,0,13,10.0,192.262,7.796060013574836,5,1
no,1000,0.3,0.001,100000,0,14,10.018,181.796,7.69166281619609,6,6
no,1000,0.3,0.001,100000,0,15,10.012,190.04,9.039037831622679,8,2
no,1000,0.3,0.001,100000,0,16,10.01,184.588,6.37254526694013,8,8
no,1000,0.3,0.001,100000,0,17,10.004,183.204,4.44222427606491,4,4
no,1000,0.3,0.001,100000,0,18,10.02,186.682,3.271024076553741,2,2
no,1000,0.3,0.001,100000,0,19,10.02,188.244,4.524107673181801,6,4
no,1000,0.3,0.001,100000,0,20,10.0,186.492,12.595138207312253,3,5
no,1000,0.3,0.001,100000,0,21,10.006,184.886,3.751061959601237,6,3
no,1000,0.3,0.001,100000,0,22,10.012,194.164,8.636115153023274,8,7
yes,1000,0.3,0.001,100000,0,23,99.13,9818.866,7.931229882738512,6,7
no,1000,0.3,0.001,100000,0,24,10.004,186.854,2.7007813647465824,9,3
no,1000,0.3,0.001,100000,0,25,10.018,181.826,4.159266976337349,4,7
no,1000,0.3,0.005,100000,0,0,10.01,200.11,6.177275079333488,3,3
no,1000,0.3,0.005,100000,0,1,10.014,202.558,6.38619913232352,4,6
no,1000,0.3,0.005,100000,0,2,10.008,179.02,1.7780865693226975,10,2
no,1000,0.3,0.005,100000,0,3,10.01,186.304,8.001346835350054,2,7
no,1000,0.3,0.005,100000,0,4,10.018,186.104,3.2685146749816387,4,4
no,1000,0.3,0.005,100000,0,5,10.01,187.306,2.752063098410819,3,6
no,1000,0.3,0.005,100000,0,6,10.016,190.492,5.907377091896395,4,5
no,1000,0.3,0.005,100000,0,7,10.012,192.44,5.792418741238787,4,2
no,1000,0.3,0.005,100000,0,8,10.014,192.114,3.8287061184019944,5,3
no,1000,0.3,0.005,100000,0,9,10.004,186.824,4.948381523402564,4,4
no,1000,0.3,0.005,100000,0,10,10.012,179.946,6.32141215186276,10,3
no,1000,0.3,0.005,100000,0,11,10.012,194.178,7.2122984332678115,5,7
no,1000,0.3,0.005,100000,0,12,10.008,194.704,2.2175662930244107,3,4
no,1000,0.3,0.005,100000,0,13,10.008,186.282,3.889332517835127,5,4
no,1000,0.3,0.005,100000,0,14,10.016,197.646,6.683342189666436,7,6
no,1000,0.3,0.005,100000,0,15,10.006,178.742,4.862389369972602,6,1
no,1000,0.3,0.005,100000,0,16,10.016,200.3,1.8064267678690409,2,1
no,1000,0.3,0.005,100000,0,17,10.018,202.302,15.56112674467283,3,9
no,1000,0.3,0.005,100000,0,18,10.016,189.83,10.320619443538833,15,4
no,1000,0.3,0.005,100000,0,19,10.012,188.862,10.022536427781512,10,5
no,1000,0.3,0.005,100000,0,20,10.002,190.102,3.245826623701538,3,6
no,1000,0.3,0.005,100000,0,21,10.012,189.562,7.290918396698534,12,8
no,1000,0.3,0.005,100000,0,22,10.008,184.87,5.320293391954077,5,3
no,1000,0.3,0.005,100000,0,23,10.014,186.406,5.076036003862625,3,13
no,1000,0.3,0.005,100000,0,24,10.016,189.974,6.286413895990972,3,8
no,1000,0.3,0.005,100000,0,25,10.008,213.332,8.715193608540083,4,4
no,1000,0.3,0.01,100000,0,0,10.016,192.59,15.672718360517646,7,13
no,1000,0.3,0.01,100000,0,1,10.014,182.872,11.124449884304383,11,7
no,1000,0.3,0.01,100000,0,2,10.014,205.426,7.9671535156364435,10,5
no,1000,0.3,0.01,100000,0,3,10.01,179.196,4.905792511391774,4,7
no,1000,0.3,0.01,100000,0,4,10.014,186.648,12.392523560269579,5,10
no,1000,0.3,0.01,100000,0,5,10.014,186.192,4.422498938690634,5,5
no,1000,0.3,0.01,100000,0,6,10.016,196.14,5.753721198517436,3,7
no,1000,0.3,0.01,100000,0,7,10.01,188.998,3.252259614636699,7,2
no,1000,0.3,0.01,100000,0,8,10.012,183.734,5.698461928598666,8,6
no,1000,0.3,0.01,100000,0,9,10.018,182.532,4.0607797292924115,7,0
no,1000,0.3,0.01,100000,0,10,10.016,180.596,5.016406522921102,6,11
no,1000,0.3,0.01,100000,0,11,10.0,188.198,9.509274776443503,11,5
no,1000,0.3,0.01,100000,0,12,10.02,183.392,4.715448324956316,2,3
no,1000,0.3,0.01,100000,0,13,10.002,191.566,12.374483181446491,2,7
no,1000,0.3,0.01,100000,0,14,10.016,189.952,12.953814858153605,9,6
no,1000,0.3,0.01,100000,0,15,10.006,183.23,6.230016608290928,6,4
no,1000,0.3,0.01,100000,0,16,10.002,186.43,8.20849529362203,4,8
no,1000,0.3,0.01,100000,0,17,10.018,182.744,4.887329330710735,6,5
no,1000,0.3,0.01,100000,0,18,10.0,189.206,7.074037718803881,6,5
no,1000,0.3,0.01,100000,0,19,9.998,184.656,1.4897189194912368,1,3
no,1000,0.3,0.01,100000,0,20,10.0,184.816,4.661598126104312,4,3
no,1000,0.3,0.01,100000,0,21,10.002,186.024,5.712293917295623,8,12
no,1000,0.3,0.01,100000,0,22,10.0,177.102,6.671360449648448,2,6
no,1000,0.3,0.01,100000,0,23,10.01,186.408,6.812038937861828,14,4
no,1000,0.3,0.01,100000,0,24,10.002,175.922,6.239298803311483,5,8
no,1000,0.3,0.01,100000,0,25,10.008,184.806,5.571482418282516,5,6
no,1000,0.3,0.015,100000,0,0,10.008,190.86,6.932989738079569,4,10
no,1000,0.3,0.015,100000,0,1,10.006,178.732,4.874740623837059,7,5
no,1000,0.3,0.015,100000,0,2,10.014,191.416,5.265083917131534,5,8
no,1000,0.3,0.015,100000,0,3,10.012,188.642,0.9727446104393891,3,3
no,1000,0.3,0.015,100000,0,4,10.008,185.202,10.810595618920434,3,4
no,1000,0.3,0.015,100000,0,5,10.014,186.558,7.6567060939492,16,13
no,1000,0.3,0.015,100000,0,6,10.014,202.576,2.5333599355535394,4,0
no,1000,0.3,0.015,100000,0,7,10.0,180.128,1.939300229949433,2,10
no,1000,0.3,0.015,100000,0,8,10.0,184.026,2.1808376460417227,3,4
no,1000,0.3,0.015,100000,0,9,10.016,179.262,7.779400888832069,5,14
no,1000,0.3,0.015,100000,0,10,10.006,187.672,9.253948912782288,12,20
no,1000,0.3,0.015,100000,0,11,10.012,194.146,6.600237947571259,9,5
no,1000,0.3,0.015,100000,0,12,10.018,193.438,6.741350895650473,5,3
no,1000,0.3,0.015,100000,0,13,10.004,189.726,2.1289500289892698,7,3
no,1000,0.3,0.015,100000,0,14,10.012,190.07,4.595168218489121,3,5
no,1000,0.3,0.015,100000,0,15,10.016,185.994,11.554251721076312,3,17
no,1000,0.3,0.015,100000,0,16,10.012,186.05,12.959457547557058,7,6
no,1000,0.3,0.015,100000,0,17,10.018,194.034,7.084481659917358,7,5
no,1000,0.3,0.015,100000,0,18,10.012,189.562,2.9846685974295886,3,6
no,1000,0.3,0.015,100000,0,19,10.02,186.682,10.2214757984837,12,13
no,1000,0.3,0.015,100000,0,20,10.006,189.222,9.057330412079079,6,6
no,1000,0.3,0.015,100000,0,21,10.006,191.876,6.793614467918557,9,6
no,1000,0.3,0.015,100000,0,22,10.008,194.702,4.107283530405234,4,3
no,1000,0.3,0.015,100000,0,23,10.0,189.22,5.885628656540287,3,8
no,1000,0.3,0.015,100000,0,24,10.01,184.588,6.149762949046547,5,2
no,1000,0.3,0.015,100000,0,25,10.018,194.018,9.021880946744066,4,5
no,1000,0.3,0.03,100000,0,0,10.012,180.906,27.276754963813357,48,69
no,1000,0.3,0.03,100000,0,1,10.016,186.574,10.657385722235192,13,23
no,1000,0.3,0.03,100000,0,2,10.008,184.87,4.343104479843375,8,10
no,1000,0.3,0.03,100000,0,3,10.0,187.83,2.4764087230940475,4,2
no,1000,0.3,0.03,100000,0,4,10.008,190.468,14.255980118401853,5,15
no,1000,0.3,0.03,100000,0,5,10.016,183.394,9.072404392524566,15,15
no,1000,0.3,0.03,100000,0,6,10.016,191.816,10.267962344509204,9,8
no,1000,0.3,0.03,100000,0,7,10.012,179.934,16.441639810645434,41,42
no,1000,0.3,0.03,100000,0,8,10.002,185.104,19.92871925034561,20,17
no,1000,0.3,0.03,100000,0,9,10.008,181.572,5.401225952288302,10,6
no,1000,0.3,0.03,100000,0,10,10.006,195.034,11.05629495499258,40,32
no,1000,0.3,0.03,100000,0,11,10.006,181.024,5.476621537871618,7,5
no,1000,0.3,0.03,100000,0,12,10.018,193.432,15.460965060456925,25,20
no,1000,0.3,0.03,100000,0,13,10.008,190.86,2.29198617503157,2,3
no,1000,0.3,0.03,100000,0,14,10.002,187.664,9.750406507131794,9,9
no,1000,0.3,0.03,100000,0,15,10.016,186.574,35.880750408238804,42,52
no,1000,0.3,0.03,100000,0,16,10.006,189.218,24.81905205251326,49,48
no,1000,0.3,0.03,100000,0,17,10.006,191.86,3.9218547724464896,5,4
no,1000,0.3,0.03,100000,0,18,10.012,184.732,17.243588202046173,52,48
no,1000,0.3,0.03,100000,0,19,10.0,179.486,5.060196294724851,5,2
no,1000,0.3,0.03,100000,0,20,9.998,178.452,6.631693499012651,2,8
no,1000,0.3,0.03,100000,0,21,10.012,186.082,10.4402394816062,7,10
no,1000,0.3,0.03,100000,0,22,10.018,193.998,3.9726567886417117,4,4
no,1000,0.3,0.03,100000,0,23,10.004,189.998,9.411395114287792,5,14
no,1000,0.3,0.03,100000,0,24,10.008,189.282,8.138434819832653,10,21
no,1000,0.3,0.03,100000,0,25,10.014,191.42,5.254177387951228,3,7
no,1000,0.3,0.04,100000,0,0,10.0,187.824,22.295525891323138,22,60
no,1000,0.3,0.04,100000,0,1,10.014,184.174,36.13825672742487,118,115
no,1000,0.3,0.04,100000,0,2,10.016,188.812,12.463099828864728,17,4
no,1000,0.3,0.04,100000,0,3,10.006,182.944,17.992896799418748,25,31
no,1000,0.3,0.04,100000,0,4,10.014,183.476,52.71334890542186,148,136
no,1000,0.3,0.04,100000,0,5,10.002,192.044,16.425150613999214,29,18
no,1000,0.3,0.04,100000,0,6,10.014,191.826,44.52201201837724,102,130
no,1000,0.3,0.04,100000,0,7,10.004,190.008,1.3491310378832266,3,1
no,1000,0.3,0.04,100000,0,8,10.016,184.106,6.509515008214498,3,3
no,1000,0.3,0.04,100000,0,9,10.0,187.82,25.276880405489553,85,87
no,1000,0.3,0.04,100000,0,10,10.016,196.134,21.341567306937062,156,128
no,1000,0.3,0.04,100000,0,11,10.0,186.48,5.04227847154673,5,17
no,1000,0.3,0.04,100000,0,12,10.006,187.608,20.235727999264224,39,22
no,1000,0.3,0.04,100000,0,13,10.006,191.852,24.091554627782752,106,161
no,1000,0.3,0.04,100000,0,14,10.012,184.084,43.567534977460745,117,127
no,1000,0.3,0.04,100000,0,15,10.018,184.376,39.24541879377943,141,85
no,1000,0.3,0.04,100000,0,16,10.008,174.004,44.30290853586853,106,101
no,1000,0.3,0.04,100000,0,17,10.006,178.246,3.1625022729250825,5,5
no,1000,0.3,0.04,100000,0,18,10.016,196.152,22.938412226884754,98,96
no,1000,0.3,0.04,100000,0,19,10.006,196.674,21.831503170518396,118,131
no,1000,0.3,0.04,100000,0,20,10.012,187.532,21.404577593782054,151,153
no,1000,0.3,0.04,100000,0,21,10.01,189.926,6.632024658134094,6,7
no,1000,0.3,0.04,100000,0,22,10.014,193.998,7.55680951486348,20,35
no,1000,0.3,0.04,100000,0,23,10.016,178.906,3.9848063439258623,6,5
no,1000,0.3,0.04,100000,0,24,10.016,191.038,32.21077782963565,141,125
no,1000,0.3,0.04,100000,0,25,10.002,183.686,3.7160324756368164,1,3
no,1000,0.3,0.06,100000,0,0,10.002,186.43,29.069892800514342,215,203
no,1000,0.3,0.06,100000,0,1,10.012,194.216,30.443490886545266,205,179
no,1000,0.3,0.06,100000,0,2,10.0,189.208,32.946174886022455,236,246
no,1000,0.3,0.06,100000,0,3,10.008,190.86,30.125987321859274,211,188
no,1000,0.3,0.06,100000,0,4,10.012,189.562,31.650310561870167,178,201
no,1000,0.3,0.06,100000,0,5,10.008,190.26,30.12085294963123,221,223
no,1000,0.3,0.06,100000,0,6,10.014,196.496,31.08775224564047,208,166
no,1000,0.3,0.06,100000,0,7,10.0,187.81,27.66236812917803,185,200
no,1000,0.3,0.06,100000,0,8,10.012,184.694,26.497571475781527,195,191
no,1000,0.3,0.06,100000,0,9,10.014,191.246,32.038789267791444,225,201
no,1000,0.3,0.06,100000,0,10,9.988,180.068,34.62623197571308,158,154
no,1000,0.3,0.06,100000,0,11,10.018,195.15,33.25204062797789,216,220
no,1000,0.3,0.06,100000,0,12,10.008,184.776,31.38288756847091,203,225
no,1000,0.3,0.06,100000,0,13,10.008,180.38,40.579860294640525,215,210
no,1000,0.3,0.06,100000,0,14,10.016,187.14,29.967714201508016,214,231
no,1000,0.3,0.06,100000,0,15,10.018,189.428,17.514676565599057,226,209
no,1000,0.3,0.06,100000,0,16,10.012,189.2,32.80043713961929,218,239
no,1000,0.3,0.06,100000,0,17,10.008,194.598,20.9375316967593,232,247
no,1000,0.3,0.06,100000,0,18,10.012,192.12,27.270952101994396,207,217
no,1000,0.3,0.06,100000,0,19,10.012,172.8,2.2442875456065368,4,5
no,1000,0.3,0.06,100000,0,20,10.018,182.744,30.377305093435474,225,213
no,1000,0.3,0.06,100000,0,21,10.012,183.658,23.88413611219261,220,211
no,1000,0.3,0.06,100000,0,22,10.002,190.12,27.597100262535832,225,232
no,1000,0.3,0.06,100000,0,23,10.014,188.468,26.05973818049664,183,196
no,1000,0.3,0.06,100000,0,24,10.016,195.586,24.970652887390937,203,200
no,1000,0.3,0.06,100000,0,25,10.002,186.122,27.9519319701636,229,247
no,1000,0.3,0.075,100000,0,0,10.012,179.182,24.71892004899482,241,246
no,1000,0.3,0.075,100000,0,1,10.014,191.468,22.853374964761827,218,237
no,1000,0.3,0.075,100000,0,2,9.998,198.42,20.616127291594363,262,259
no,1000,0.3,0.075,100000,0,3,10.008,179.02,23.10243091801833,247,239
no,1000,0.3,0.075,100000,0,4,10.014,183.506,22.965036698743564,280,253
no,1000,0.3,0.075,100000,0,5,10.008,186.91,28.947912074224018,244,267
no,1000,0.3,0.075,100000,0,6,9.992,183.378,28.730608989859828,270,247
no,1000,0.3,0.075,100000,0,7,10.02,194.736,21.236542119955626,269,234
no,1000,0.3,0.075,100000,0,8,10.008,188.18,22.268833855341416,275,265
no,1000,0.3,0.075,100000,0,9,10.004,186.868,20.63568753989851,271,273
no,1000,0.3,0.075,100000,0,10,10.006,179.588,21.76260676084558,270,255
no,1000,0.3,0.075,100000,0,11,10.012,189.562,24.029125113352595,229,248
no,1000,0.3,0.075,100000,0,12,10.006,178.818,20.848580881462198,257,286
no,1000,0.3,0.075,100000,0,13,10.014,186.404,20.086468058453296,250,254
no,1000,0.3,0.075,100000,0,14,10.01,184.896,26.91924492355727,243,252
no,1000,0.3,0.075,100000,0,15,9.992,189.31,24.41409901768964,259,227
no,1000,0.3,0.075,100000,0,16,10.006,189.972,21.558916036413805,237,244
no,1000,0.3,0.075,100000,0,17,10.018,184.182,23.67527051643887,237,262
no,1000,0.3,0.075,100000,0,18,10.008,194.714,27.0242534245098,253,235
no,1000,0.3,0.075,100000,0,19,10.0,189.24,21.518376463741262,231,264
no,1000,0.3,0.075,100000,0,20,10.02,195.838,29.603426451760562,268,274
no,1000,0.3,0.075,100000,0,21,10.008,188.168,20.853590832012856,231,241
no,1000,0.3,0.075,100000,0,22,10.014,191.734,20.51792830618831,246,241
no,1000,0.3,0.075,100000,0,23,10.004,186.852,22.10330513583778,253,259
no,1000,0.3,0.075,100000,0,24,10.016,182.742,24.09142109025338,251,260
no,1000,0.3,0.075,100000,0,25,10.004,184.352,28.64809815504067,260,243
no,1000,0.3,0.1,100000,0,0,10.006,182.16,32.22788472990232,324,324
no,1000,0.3,0.1,100000,0,1,10.002,184.102,21.676666490528305,324,313
no,1000,0.3,0.1,100000,0,2,9.998,184.71,23.430448514208894,288,294
no,1000,0.3,0.1,100000,0,3,10.004,180.41,21.030651872722032,294,287
no,1000,0.3,0.1,100000,0,4,10.01,184.588,20.415546717696063,283,285
no,1000,0.3,0.1,100000,0,5,10.014,179.51,28.811792075768196,341,303
no,1000,0.3,0.1,100000,0,6,10.004,188.614,20.456706186146878,325,310
no,1000,0.3,0.1,100000,0,7,10.018,183.594,25.533906058864886,306,302
no,1000,0.3,0.1,100000,0,8,10.01,194.81,19.44304063173968,290,287
no,1000,0.3,0.1,100000,0,9,10.004,186.8,21.743367644415418,297,298
no,1000,0.3,0.1,100000,0,10,10.006,185.762,21.638268501272204,264,291
no,1000,0.3,0.1,100000,0,11,10.0,181.846,20.377200307971616,286,320
no,1000,0.3,0.1,100000,0,12,10.012,176.074,21.847020011533836,288,278
no,1000,0.3,0.1,100000,0,13,10.002,213.24,22.470406822332677,281,281
no,1000,0.3,0.1,100000,0,14,10.006,179.822,22.015526685989126,307,300
no,1000,0.3,0.1,100000,0,15,10.014,202.55,17.237533226030003,289,296
no,1000,0.3,0.1,100000,0,16,10.008,180.388,24.743166505421055,309,300
no,1000,0.3,0.1,100000,0,17,10.004,186.8,16.814240514445192,303,290
no,1000,0.3,0.1,100000,0,18,10.01,184.504,23.85187939170025,324,310
no,1000,0.3,0.1,100000,0,19,10.01,184.076,18.89481100951086,296,291
no,1000,0.3,0.1,100000,0,20,10.02,183.402,28.359485208300242,295,307
no,1000,0.3,0.1,100000,0,21,10.018,188.08,18.33838151267877,312,307
no,1000,0.3,0.1,100000,0,22,10.014,183.508,18.623630327462962,300,279
no,1000,0.3,0.1,100000,0,23,10.006,182.944,23.917020212984713,301,298
no,1000,0.3,0.1,100000,0,24,10.008,187.25,15.785562064773687,266,329
no,1000,0.3,0.1,100000,0,25,10.002,193.98,18.939903071745075,323,305
no,1000,0.3,0.12,100000,0,0,10.002,194.662,22.14777641924023,325,312
no,1000,0.3,0.12,100000,0,1,10.012,185.68,18.23371059368977,335,322
no,1000,0.3,0.12,100000,0,2,10.0,192.146,18.315045323859803,361,335
no,1000,0.3,0.12,100000,0,3,10.006,192.502,20.713131689694194,323,337
no,1000,0.3,0.12,100000,0,4,10.002,185.004,21.47397714675205,331,327
no,1000,0.3,0.12,100000,0,5,10.008,178.448,16.06154014619554,325,302
no,1000,0.3,0.12,100000,0,6,10.018,189.284,25.291265969802588,318,316
no,1000,0.3,0.12,100000,0,7,9.998,188.05,22.75859894516194,314,338
no,1000,0.3,0.12,100000,0,8,10.02,193.494,23.890760982699785,324,335
no,1000,0.3,0.12,100000,0,9,10.01,188.51,18.710001105553495,349,347
no,1000,0.3,0.12,100000,0,10,10.012,190.046,18.605579001715668,318,338
no,1000,0.3,0.12,100000,0,11,10.01,198.674,25.820581764845898,311,331
no,1000,0.3,0.12,100000,0,12,10.014,190.426,25.20012494255853,345,318
no,1000,0.3,0.12,100000,0,13,10.008,183.448,18.637623217090674,325,342
no,1000,0.3,0.12,100000,0,14,10.004,192.41,22.338814290920414,351,327
no,1000,0.3,0.12,100000,0,15,10.018,191.498,22.236415835664737,325,333
no,1000,0.3,0.12,100000,0,16,10.01,187.282,15.3910723735363,334,321
no,1000,0.3,0.12,100000,0,17,10.014,180.638,19.280188065448026,359,349
no,1000,0.3,0.12,100000,0,18,10.012,192.134,17.764420704180633,325,324
no,1000,0.3,0.12,100000,0,19,10.01,178.576,16.366492353808393,327,334
no,1000,0.3,0.12,100000,0,20,10.0,179.486,15.727816663950977,304,314
no,1000,0.3,0.12,100000,0,21,10.002,190.104,19.36540779852177,327,318
no,1000,0.3,0.12,100000,0,22,10.018,181.804,17.367845187401315,317,330
no,1000,0.3,0.12,100000,0,23,10.016,184.722,22.16555024890446,331,332
no,1000,0.3,0.12,100000,0,24,10.018,183.74,21.425918842571672,323,332
no,1000,0.3,0.12,100000,0,25,10.002,183.278,18.916083540595295,318,305
no,1000,0.3,0.24,100000,0,0,10.004,204.12,16.15314117251917,408,395
no,1000,0.3,0.24,100000,0,1,10.01,185.932,17.074391825619614,417,394
no,1000,0.3,0.24,100000,0,2,10.006,198.946,13.786745582326331,405,394
no,1000,0.3,0.24,100000,0,3,10.008,187.732,17.474352273209583,394,420
no,1000,0.3,0.24,100000,0,4,10.002,197.836,21.436442823111715,404,398
no,1000,0.3,0.24,100000,0,5,10.018,182.742,13.861596180307059,401,388
no,1000,0.3,0.24,100000,0,6,10.016,199.694,17.16072942595995,396,404
no,1000,0.3,0.24,100000,0,7,10.004,189.726,20.47194073564925,398,384
no,1000,0.3,0.24,100000,0,8,10.014,184.676,16.721003685994212,402,399
no,1000,0.3,0.24,100000,0,9,10.016,188.906,16.74263718055154,392,407
no,1000,0.3,0.24,100000,0,10,10.014,191.414,15.538886395442484,423,410
no,1000,0.3,0.24,100000,0,11,10.018,182.306,19.097615498548556,398,395
no,1000,0.3,0.24,100000,0,12,10.004,190.034,19.252855458549682,405,397
no,1000,0.3,0.24,100000,0,13,10.01,181.526,14.768862791695192,412,391
no,1000,0.3,0.24,100000,0,14,10.012,182.21,22.625888387047283,419,395
no,1000,0.3,0.24,100000,0,15,10.018,195.098,18.952394431545777,396,394
no,1000,0.3,0.24,100000,0,16,10.008,193.662,21.50882578247417,397,404
no,1000,0.3,0.24,100000,0,17,10.014,185.37,17.50838660260614,400,379
no,1000,0.3,0.24,100000,0,18,10.018,173.416,15.176082433006833,398,403
no,1000,0.3,0.24,100000,0,19,10.012,191.894,22.498826945389197,390,400
no,1000,0.3,0.24,100000,0,20,10.01,183.96,15.915635485079724,396,397
no,1000,0.3,0.24,100000,0,21,10.012,189.776,16.680449877270952,417,407
no,1000,0.3,0.24,100000,0,22,10.016,186.01,14.722425381537697,406,401
no,1000,0.3,0.24,100000,0,23,10.016,187.124,18.099011088614684,400,393
no,1000,0.3,0.24,100000,0,24,10.01,186.042,14.364998930971877,396,396
no,1000,0.3,0.24,100000,0,25,10.018,181.07,15.96674021400312,399,395
no,1000,0.3,0.36,100000,0,0,10.004,182.288,15.106922206751161,437,416
no,1000,0.3,0.36,100000,0,1,10.014,194.542,15.94023793990963,437,427
no,1000,0.3,0.36,100000,0,2,10.002,191.628,15.635362364205285,427,417
no,1000,0.3,0.36,100000,0,3,10.004,189.726,16.449399437670888,425,427
no,1000,0.3,0.36,100000,0,4,10.018,190.726,17.495274568032514,429,420
no,1000,0.3,0.36,100000,0,5,10.012,184.084,14.24596961479023,434,431
no,1000,0.3,0.36,100000,0,6,10.006,194.224,18.71777108005678,441,427
no,1000,0.3,0.36,100000,0,7,10.01,184.588,14.949857704529581,428,432
no,1000,0.3,0.36,100000,0,8,10.014,184.83,18.91808199842327,423,434
no,1000,0.3,0.36,100000,0,9,10.014,193.992,19.929083098452942,429,428
no,1000,0.3,0.36,100000,0,10,10.012,189.562,15.4623332008245,415,411
no,1000,0.3,0.36,100000,0,11,10.002,178.768,14.977200065162117,433,427
no,1000,0.3,0.36,100000,0,12,10.008,181.658,13.59128838774448,416,426
no,1000,0.3,0.36,100000,0,13,10.004,186.8,14.488276563696486,439,444
no,1000,0.3,0.36,100000,0,14,10.018,186.112,18.694602350942525,422,433
no,1000,0.3,0.36,100000,0,15,10.01,186.042,15.527879321760894,428,419
no,1000,0.3,0.36,100000,0,16,10.002,189.804,16.37029774871033,427,432
no,1000,0.3,0.36,100000,0,17,10.016,189.612,19.35820726419071,423,427
no,1000,0.3,0.36,100000,0,18,10.01,183.246,17.881484532244084,426,429
no,1000,0.3,0.36,100000,0,19,10.012,183.816,14.683001924387419,424,428
no,1000,0.3,0.36,100000,0,20,10.014,199.188,12.791444585204232,436,416
no,1000,0.3,0.36,100000,0,21,10.014,184.45,19.585388851062575,416,423
no,1000,0.3,0.36,100000,0,22,10.01,194.148,15.137567335399881,420,441
no,1000,0.3,0.36,100000,0,23,10.012,191.698,17.33569679768808,424,425
no,1000,0.3,0.36,100000,0,24,10.012,189.562,18.001906696173954,423,421
no,1000,0.3,0.36,100000,0,25,10.008,184.87,14.24593461324648,436,427
no,1000,0,0.0001,0.25,0,0,10.002,178.784,4.700850892271909,10,9
no,1000,0,0.0001,0.25,0,1,10.012,189.398,6.292899924340909,4,3
no,1000,0,0.0001,0.25,0,2,10.004,204.128,9.354272202073568,6,6
no,1000,0,0.0001,0.25,0,3,10.01,195.132,1.519800733685031,2,3
no,1000,0,0.0001,0.25,0,4,10.01,194.686,5.333620333008168,0,5
no,1000,0,0.0001,0.25,0,5,10.012,196.068,4.6881130149474854,7,7
no,1000,0,0.0001,0.25,0,6,10.01,192.718,4.274172698012585,7,3
no,1000,0,0.0001,0.25,0,7,10.008,178.62,6.342243949840585,9,5
no,1000,0,0.0001,0.25,0,8,10.016,191.076,5.22993784537716,3,5
no,1000,0,0.0001,0.25,0,9,10.016,195.26,9.951266271311626,5,10
no,1000,0,0.0001,0.25,0,10,10.018,186.266,4.736088936208038,8,7
no,1000,0,0.0001,0.25,0,11,10.004,190.014,3.2441343699751197,5,3
no,1000,0,0.0001,0.25,0,12,10.012,179.14,7.190522348454951,5,5
no,1000,0,0.0001,0.25,0,13,10.01,183.382,4.414674323353895,5,2
no,1000,0,0.0001,0.25,0,14,10.002,183.278,4.7009610807584465,4,7
no,1000,0,0.0001,0.25,0,15,10.02,188.248,3.9845767379651713,8,6
no,1000,0,0.0001,0.25,0,16,10.004,204.146,6.9986934359391775,7,4
no,1000,0,0.0001,0.25,0,17,10.0,184.982,3.739214603229428,2,4
no,1000,0,0.0001,0.25,0,18,10.004,188.016,2.800065208157996,2,5
no,1000,0,0.0001,0.25,0,19,10.014,186.196,2.573779916789783,5,4
no,1000,0,0.0001,0.25,0,20,10.0,187.8,6.911965281094204,6,4
no,1000,0,0.0001,0.25,0,21,10.004,179.0,3.1812420978325973,8,0
no,1000,0,0.0001,0.25,0,22,10.006,193.922,10.556925453115786,6,6
no,1000,0,0.0001,0.25,0,23,10.012,187.74,6.221515288579825,4,6
no,1000,0,0.0001,0.25,0,24,10.016,181.206,5.820506203560044,2,6
no,1000,0,0.0001,0.25,0,25,10.006,188.244,3.5069887150226258,2,7
no,1000,0,0.001,0.25,0,0,10.008,179.02,2.944661851283436,1,6
no,1000,0,0.001,0.25,0,1,9.992,178.962,3.551934751636893,4,5
no,1000,0,0.001,0.25,0,2,10.01,184.588,8.442971004656938,4,5
no,1000,0,0.001,0.25,0,3,10.018,190.864,8.673990844686935,4,3
no,1000,0,0.001,0.25,0,4,10.014,196.452,3.235673888758511,3,4
no,1000,0,0.001,0.25,0,5,10.01,183.38,10.037106384678887,5,3
no,1000,0,0.001,0.25,0,6,10.006,184.508,6.7254199168894395,9,8
no,1000,0,0.001,0.25,0,7,10.014,186.402,11.909006047146196,4,4
no,1000,0,0.001,0.25,0,8,10.0,186.516,12.053910608884713,5,9
no,1000,0,0.001,0.25,0,9,10.008,183.484,6.258401926872761,5,5
no,1000,0,0.001,0.25,0,10,10.006,183.924,15.544791391569648,8,4
no,1000,0,0.001,0.25,0,11,10.008,189.16,9.01562181338414,10,7
no,1000,0,0.001,0.25,0,12,10.01,187.946,10.35554202864451,5,3
no,1000,0,0.001,0.25,0,13,10.002,177.15,8.857900559166735,7,8
no,1000,0,0.001,0.25,0,14,10.002,196.252,4.068115795333441,3,6
no,1000,0,0.001,0.25,0,15,10.004,192.434,11.350984824774937,6,2
no,1000,0,0.001,0.25,0,16,10.016,181.264,5.070059346492802,4,10
no,1000,0,0.001,0.25,0,17,10.012,179.92,4.399797414122843,3,6
no,1000,0,0.001,0.25,0,18,10.02,188.086,4.323123021594886,3,6
no,1000,0,0.001,0.25,0,19,10.008,184.524,7.3428447017501615,3,7
no,1000,0,0.001,0.25,0,20,10.014,180.63,4.893123977059922,3,7
no,1000,0,0.001,0.25,0,21,10.018,189.376,3.305499673804623,5,8
no,1000,0,0.001,0.25,0,22,10.018,189.306,3.9749643757745985,3,8
no,1000,0,0.001,0.25,0,23,10.018,186.892,5.647603680110266,6,10
no,1000,0,0.001,0.25,0,24,10.004,188.034,10.334171367328905,5,3
no,1000,0,0.001,0.25,0,25,10.008,181.634,4.5673610107250955,7,5
no,1000,0,0.005,0.25,0,0,10.01,184.896,6.114676377780318,8,3
no,1000,0,0.005,0.25,0,1,10.02,188.05,11.165952834274783,10,7
no,1000,0,0.005,0.25,0,2,10.018,186.85,5.321414982933109,6,5
no,1000,0,0.005,0.25,0,3,10.008,194.098,3.779594331802467,5,2
no,1000,0,0.005,0.25,0,4,10.002,189.82,11.067953754616607,3,4
yes,1000,0,0.005,0.25,0,5,99.998,9986.448,18.28517945144532,16,18
no,1000,0,0.005,0.25,0,6,10.0,175.734,5.000409642652846,3,9
no,1000,0,0.005,0.25,0,7,10.004,185.65,3.5476212272573058,3,3
no,1000,0,0.005,0.25,0,8,10.014,190.272,15.104853046542503,11,9
no,1000,0,0.005,0.25,0,9,10.006,193.922,6.662159706489265,5,4
no,1000,0,0.005,0.25,0,10,10.01,188.974,10.617644427455748,1,5
no,1000,0,0.005,0.25,0,11,10.008,185.202,5.63923175625633,6,4
no,1000,0,0.005,0.25,0,12,10.006,195.374,8.613749078888976,9,7
no,1000,0,0.005,0.25,0,13,10.006,185.138,4.6780385948309515,6,8
no,1000,0,0.005,0.25,0,14,10.008,181.19,9.285350980029857,4,7
no,1000,0,0.005,0.25,0,15,10.018,181.146,5.241448094023793,4,3
no,1000,0,0.005,0.25,0,16,10.006,184.664,17.85518490037604,8,2
no,1000,0,0.005,0.25,0,17,10.004,185.598,8.846465417301767,9,8
no,1000,0,0.005,0.25,0,18,10.018,194.592,5.915270550083047,8,2
no,1000,0,0.005,0.25,0,19,10.01,184.956,5.128098022159529,10,4
no,1000,0,0.005,0.25,0,20,10.002,184.538,3.334350505501019,6,4
no,1000,0,0.005,0.25,0,21,10.004,179.032,8.76080733247806,8,1
no,1000,0,0.005,0.25,0,22,10.006,193.922,18.905640889379747,13,12
no,1000,0,0.005,0.25,0,23,10.008,181.66,10.353042715698827,7,6
no,1000,0,0.005,0.25,0,24,10.008,193.45,13.69186201293562,7,8
no,1000,0,0.005,0.25,0,25,10.0,192.538,12.078563107811942,7,7
no,1000,0,0.01,0.25,0,0,10.004,186.8,43.009962996054774,6,7
no,1000,0,0.01,0.25,0,1,10.014,186.034,46.02250045965954,6,10
no,1000,0,0.01,0.25,0,2,10.014,185.982,23.049632621313823,9,10
no,1000,0,0.01,0.25,0,3,10.01,195.134,20.688481224583175,6,8
no,1000,0,0.01,0.25,0,4,10.002,189.99,7.2249279017543575,6,6
no,1000,0,0.01,0.25,0,5,10.012,183.496,5.144277222435392,2,5
no,1000,0,0.01,0.25,0,6,10.01,189.84,11.867432753186055,7,6
no,1000,0,0.01,0.25,0,7,10.008,189.18,1.8871582560995728,6,3
no,1000,0,0.01,0.25,0,8,9.996,196.082,17.6312525781129,10,10
no,1000,0,0.01,0.25,0,9,10.006,177.888,2.692520872615628,5,3
no,1000,0,0.01,0.25,0,10,10.01,186.028,10.069069702768815,5,7
no,1000,0,0.01,0.25,0,11,9.992,190.43,5.48310449516694,7,9
no,1000,0,0.01,0.25,0,12,10.018,193.41,14.176795304046168,4,5
no,1000,0,0.01,0.25,0,13,10.002,198.88,7.747384739964957,5,1
no,1000,0,0.01,0.25,0,14,10.014,188.146,3.9580050275851812,2,3
no,1000,0,0.01,0.25,0,15,10.012,198.256,11.573079223241553,7,8
no,1000,0,0.01,0.25,0,16,10.008,193.46,2.314685354454805,3,3
no,1000,0,0.01,0.25,0,17,10.006,179.856,10.865977445740302,10,6
no,1000,0,0.01,0.25,0,18,9.994,173.556,6.962329321173196,9,6
no,1000,0,0.01,0.25,0,19,10.002,193.628,18.90110316764083,6,13
no,1000,0,0.01,0.25,0,20,9.998,198.42,12.37560498817015,7,5
no,1000,0,0.01,0.25,0,21,10.006,188.282,14.433131720051735,5,8
no,1000,0,0.01,0.25,0,22,10.004,186.8,3.375094744853493,3,4
no,1000,0,0.01,0.25,0,23,9.998,180.966,8.694175659968147,7,7
no,1000,0,0.01,0.25,0,24,9.996,192.628,3.046610888807618,3,4
no,1000,0,0.01,0.25,0,25,10.014,185.74,16.169392852802694,10,7
no,1000,0,0.015,0.25,0,0,10.018,187.174,43.22591256717865,17,17
no,1000,0,0.015,0.25,0,1,10.002,200.372,27.639955678054125,18,13
no,1000,0,0.015,0.25,0,2,10.0,189.288,39.23277530429733,14,16
no,1000,0,0.015,0.25,0,3,10.002,178.806,2.3767097688010628,5,2
no,1000,0,0.015,0.25,0,4,10.016,193.372,8.989742093578675,11,8
no,1000,0,0.015,0.25,0,5,10.012,187.768,26.357488062996374,5,7
no,1000,0,0.015,0.25,0,6,10.01,189.854,8.880678251254526,5,10
no,1000,0,0.015,0.25,0,7,9.994,173.574,9.363479214141194,10,8
no,1000,0,0.015,0.25,0,8,10.014,182.804,4.2911332507040045,6,3
no,1000,0,0.015,0.25,0,9,10.008,186.098,12.15914685800023,5,10
no,1000,0,0.015,0.25,0,10,10.002,191.876,1.9177626851371585,3,5
no,1000,0,0.015,0.25,0,11,10.008,179.02,13.250187488051598,2,5
no,1000,0,0.015,0.25,0,12,10.002,196.228,9.94976148334662,6,7
no,1000,0,0.015,0.25,0,13,10.008,192.91,25.45596797730931,16,7
no,1000,0,0.015,0.25,0,14,9.998,198.42,9.937279769822663,7,2
no,1000,0,0.015,0.25,0,15,10.006,188.256,31.9015277092072,12,11
no,1000,0,0.015,0.25,0,16,10.0,185.234,7.079469733128881,5,5
no,1000,0,0.015,0.25,0,17,10.018,193.58,14.576687129970002,10,5
no,1000,0,0.015,0.25,0,18,10.004,186.8,17.366428156514225,5,8
no,1000,0,0.015,0.25,0,19,10.01,184.488,18.94838409274229,8,9
no,1000,0,0.015,0.25,0,20,10.01,187.28,29.74680204321152,10,13
no,1000,0,0.015,0.25,0,21,10.016,178.982,78.13592480010921,22,19
no,1000,0,0.015,0.25,0,22,10.018,189.376,25.912542229340655,10,9
no,1000,0,0.015,0.25,0,23,10.018,183.284,6.2450173724841775,5,1
no,1000,0,0.015,0.25,0,24,10.004,180.812,7.359251854915912,3,10
no,1000,0,0.015,0.25,0,25,10.01,179.732,37.01099860706301,25,17
no,1000,0,0.03,0.25,0,0,10.004,192.436,107.41371341419153,86,79
no,1000,0,0.03,0.25,0,1,10.008,179.02,137.51533665126627,102,118
no,1000,0,0.03,0.25,0,2,10.008,188.47,37.382003354135776,13,16
no,1000,0,0.03,0.25,0,3,10.0,183.99,79.06874701381084,46,45
no,1000,0,0.03,0.25,0,4,9.998,180.964,37.924055666519926,41,51
no,1000,0,0.03,0.25,0,5,10.008,184.5,56.63747896653788,32,26
no,1000,0,0.03,0.25,0,6,9.996,192.618,43.50134515487551,17,20
no,1000,0,0.03,0.25,0,7,10.014,180.59,48.527998335308126,29,31
no,1000,0,0.03,0.25,0,8,10.014,190.692,60.55163608598703,35,50
no,1000,0,0.03,0.25,0,9,10.006,195.366,32.036346249984376,14,10
no,1000,0,0.03,0.25,0,10,10.008,187.28,116.43091429481818,67,63
no,1000,0,0.03,0.25,0,11,10.014,194.008,89.03558503421645,86,82
no,1000,0,0.03,0.25,0,12,10.012,184.944,5.060694909943441,5,3
no,1000,0,0.03,0.25,0,13,10.016,183.184,26.93474435983172,8,6
no,1000,0,0.03,0.25,0,14,9.996,192.614,35.805975894753644,18,10
no,1000,0,0.03,0.25,0,15,10.004,184.546,11.600347112787347,5,3
no,1000,0,0.03,0.25,0,16,10.02,183.35,4.613063203691413,4,4
no,1000,0,0.03,0.25,0,17,10.004,197.228,40.23773802999872,13,20
no,1000,0,0.03,0.25,0,18,10.004,192.818,62.55912547822304,57,46
no,1000,0,0.03,0.25,0,19,10.008,183.46,38.83061892964322,17,14
no,1000,0,0.03,0.25,0,20,10.008,181.144,18.616477095966054,13,9
no,1000,0,0.03,0.25,0,21,10.018,183.534,64.45575339427702,32,48
no,1000,0,0.03,0.25,0,22,10.014,193.994,61.39343079646884,48,47
no,1000,0,0.03,0.25,0,23,10.016,188.78,23.263359148723158,11,4
no,1000,0,0.03,0.25,0,24,10.016,180.596,30.81796844928376,12,18
no,1000,0,0.03,0.25,0,25,10.014,193.616,28.242252281756443,19,13
no,1000,0,0.04,0.25,0,0,10.02,188.05,103.35814370036512,70,76
no,1000,0,0.04,0.25,0,1,10.014,197.95,79.85971428280932,133,123
no,1000,0,0.04,0.25,0,2,10.008,192.438,22.245399170322962,16,13
no,1000,0,0.04,0.25,0,3,10.002,183.548,46.292297620216104,14,17
no,1000,0,0.04,0.25,0,4,10.008,178.444,88.65922992507743,117,136
no,1000,0,0.04,0.25,0,5,10.014,185.924,154.28319315956344,162,150
no,1000,0,0.04,0.25,0,6,10.008,186.608,87.3434174271406,127,132
no,1000,0,0.04,0.25,0,7,10.002,190.03,9.192005911721086,5,3
no,1000,0,0.04,0.25,0,8,10.004,187.55,52.515759944640976,14,13
no,1000,0,0.04,0.25,0,9,10.002,189.838,75.89037349918222,124,121
no,1000,0,0.04,0.25,0,10,10.014,175.45,19.966525975216072,9,9
no,1000,0,0.04,0.25,0,11,10.008,192.226,68.03608939365739,102,77
no,1000,0,0.04,0.25,0,12,10.004,199.172,86.31003055571583,144,143
no,1000,0,0.04,0.25,0,13,10.016,180.106,86.75037904179192,81,86
no,1000,0,0.04,0.25,0,14,10.01,192.802,105.49925753410781,59,52
no,1000,0,0.04,0.25,0,15,10.014,182.526,3.344165485214523,4,4
no,1000,0,0.04,0.25,0,16,10.014,183.934,65.85177574763792,42,50
no,1000,0,0.04,0.25,0,17,10.018,181.142,99.55147392003987,165,175
no,1000,0,0.04,0.25,0,18,10.016,189.584,77.46852219735108,95,93
no,1000,0,0.04,0.25,0,19,10.0,175.722,101.64146148256918,112,124
yes,1000,0,0.04,0.25,0,20,99.906,9972.562,38.532925920618865,500,498
no,1000,0,0.04,0.25,0,21,10.016,191.376,84.23239517032785,132,114
no,1000,0,0.04,0.25,0,22,10.016,187.196,5.2652349154652915,4,5
no,1000,0,0.04,0.25,0,23,10.008,189.024,39.40312492646075,19,16
no,1000,0,0.04,0.25,0,24,10.01,182.804,149.02926375820059,117,118
no,1000,0,0.04,0.25,0,25,10.016,190.144,144.72832097584072,91,115
no,1000,0,0.06,0.25,0,0,10.01,184.094,82.39790544511703,226,235
no,1000,0,0.06,0.25,0,1,10.008,186.086,86.87458714864113,227,200
no,1000,0,0.06,0.25,0,2,10.006,188.242,83.79947117215066,185,186
no,1000,0,0.06,0.25,0,3,10.004,186.8,76.33972340411552,223,220
no,1000,0,0.06,0.25,0,4,10.0,191.916,103.89872267648198,200,190
no,1000,0,0.06,0.25,0,5,10.008,188.826,76.72631476609773,199,200
no,1000,0,0.06,0.25,0,6,10.014,185.994,72.11413188167501,227,223
yes,1000,0,0.06,0.25,0,7,99.786,9943.922,31.785088483721097,500,500
no,1000,0,0.06,0.25,0,8,10.004,195.438,119.21044441356042,245,209
no,1000,0,0.06,0.25,0,9,10.008,198.688,71.82495832905511,232,249
no,1000,0,0.06,0.25,0,10,10.004,191.53,65.83721860439579,207,206
no,1000,0,0.06,0.25,0,11,10.0,180.832,6.439582032132698,6,7
no,1000,0,0.06,0.25,0,12,10.014,185.924,67.4812453916987,202,217
no,1000,0,0.06,0.25,0,13,10.018,186.874,64.67491374422238,172,179
yes,1000,0,0.06,0.25,0,14,100.39,10068.442,50.23020072245798,500,500
no,1000,0,0.06,0.25,0,15,10.02,181.68,84.76451904917404,209,206
no,1000,0,0.06,0.25,0,16,10.006,198.95,69.05493892176234,38,37
no,1000,0,0.06,0.25,0,17,10.004,195.49,88.31013085308052,208,203
no,1000,0,0.06,0.25,0,18,10.018,183.788,91.10405998721077,215,212
no,1000,0,0.06,0.25,0,19,10.002,188.264,93.36836637417971,228,233
yes,1000,0,0.06,0.25,0,20,99.872,9958.828,31.083400246219625,500,500
no,1000,0,0.06,0.25,0,21,10.002,194.082,75.55083915325172,216,217
no,1000,0,0.06,0.25,0,22,10.016,181.232,90.4382167334852,192,207
no,1000,0,0.06,0.25,0,23,10.018,191.498,58.44541188808713,224,227
no,1000,0,0.06,0.25,0,24,10.018,194.6,86.0042869793198,227,219
no,1000,0,0.06,0.25,0,25,10.01,190.716,90.14178991198958,215,236
no,1000,0,0.075,0.25,0,0,10.012,189.382,50.72810166560744,271,248
no,1000,0,0.075,0.25,0,1,10.008,182.846,70.26990578042881,255,270
no,1000,0,0.075,0.25,0,2,10.016,186.136,57.17845114764586,244,244
no,1000,0,0.075,0.25,0,3,10.01,193.468,63.40183455228942,247,246
no,1000,0,0.075,0.25,0,4,10.008,193.448,76.15498729374755,278,263
no,1000,0,0.075,0.25,0,5,10.008,190.59,68.70685308835955,276,269
no,1000,0,0.075,0.25,0,6,10.012,186.838,61.53093237745345,261,249
no,1000,0,0.075,0.25,0,7,10.01,184.896,63.45664352879398,250,251
no,1000,0,0.075,0.25,0,8,10.0,186.44,76.38829142491618,264,268
no,1000,0,0.075,0.25,0,9,9.998,198.42,57.62697454941179,256,245
no,1000,0,0.075,0.25,0,10,10.016,184.916,78.67395902519404,235,236
no,1000,0,0.075,0.25,0,11,10.006,180.2,70.18733792474067,246,247
no,1000,0,0.075,0.25,0,12,10.004,190.05,12.962778941940766,7,4
no,1000,0,0.075,0.25,0,13,10.0,191.952,75.4923412821312,250,241
no,1000,0,0.075,0.25,0,14,10.0,188.238,59.081621587366364,271,266
no,1000,0,0.075,0.25,0,15,10.018,186.864,86.57156122876104,266,276
no,1000,0,0.075,0.25,0,16,10.014,191.336,80.58845761239336,220,220
no,1000,0,0.075,0.25,0,17,10.008,195.566,74.565442926605,259,260
no,1000,0,0.075,0.25,0,18,10.016,179.256,63.55406370996582,257,246
no,1000,0,0.075,0.25,0,19,10.018,189.376,70.27795367139592,289,267
no,1000,0,0.075,0.25,0,20,10.018,186.94,77.05637450924044,269,247
no,1000,0,0.075,0.25,0,21,10.002,183.83,53.5978043155325,246,260
no,1000,0,0.075,0.25,0,22,10.006,192.634,84.02710505305679,264,255
no,1000,0,0.075,0.25,0,23,10.008,186.636,73.19120833306019,231,238
no,1000,0,0.075,0.25,0,24,10.01,179.052,62.58801580481395,250,255
no,1000,0,0.075,0.25,0,25,10.012,188.632,61.79000720995277,263,259
no,1000,0,0.1,0.25,0,0,10.01,179.134,66.86206527914365,289,304
no,1000,0,0.1,0.25,0,1,10.008,191.23,61.26606377455205,296,298
no,1000,0,0.1,0.25,0,2,10.01,193.468,57.680319675906794,308,293
no,1000,0,0.1,0.25,0,3,10.018,188.054,68.0017404850935,296,295
no,1000,0,0.1,0.25,0,4,10.014,191.862,69.88600256366733,283,292
no,1000,0,0.1,0.25,0,5,10.016,185.278,61.45269610709454,319,317
no,1000,0,0.1,0.25,0,6,10.01,197.91,72.02620104260865,311,311
no,1000,0,0.1,0.25,0,7,10.012,177.466,64.79911930327695,295,299
no,1000,0,0.1,0.25,0,8,10.008,192.226,52.73055820876953,295,292
no,1000,0,0.1,0.25,0,9,10.01,197.516,62.087415130730285,301,294
no,1000,0,0.1,0.25,0,10,10.014,182.17,63.53592149543925,309,309
no,1000,0,0.1,0.25,0,11,10.018,183.9,52.996697846288704,294,285
no,1000,0,0.1,0.25,0,12,10.01,192.252,53.36300916782955,280,277
no,1000,0,0.1,0.25,0,13,10.008,190.342,51.624446471721974,305,293
yes,1000,0,0.1,0.25,0,14,100.212,10034.202,34.71188985724074,500,500
no,1000,0,0.1,0.25,0,15,10.004,182.736,80.42432935401732,312,311
no,1000,0,0.1,0.25,0,16,10.006,198.948,19.49070822507847,5,6
no,1000,0,0.1,0.25,0,17,10.018,193.408,55.837081993167274,312,304
no,1000,0,0.1,0.25,0,18,10.01,184.924,57.01529779155939,298,295
no,1000,0,0.1,0.25,0,19,10.018,192.156,68.28814759756244,280,298
no,1000,0,0.1,0.25,0,20,10.016,184.97,57.0539074828383,288,295
no,1000,0,0.1,0.25,0,21,10.016,180.106,49.73634689861848,321,294
no,1000,0,0.1,0.25,0,22,10.008,185.82,54.20746223057942,303,296
no,1000,0,0.1,0.25,0,23,10.006,191.36,50.89248079308209,307,300
no,1000,0,0.1,0.25,0,24,10.008,182.842,85.4562481814084,287,304
no,1000,0,0.1,0.25,0,25,10.014,191.39,47.35336112881,295,326
no,1000,0,0.12,0.25,0,0,10.006,192.64,56.09132214906275,324,308
no,1000,0,0.12,0.25,0,1,10.004,182.736,67.40463534066821,306,307
no,1000,0,0.12,0.25,0,2,10.008,190.936,52.53953506049251,316,332
no,1000,0,0.12,0.25,0,3,10.002,191.044,48.26355852988132,356,352
no,1000,0,0.12,0.25,0,4,10.01,197.942,58.27744957544742,324,311
no,1000,0,0.12,0.25,0,5,10.006,178.37,66.37352034116164,345,341
no,1000,0,0.12,0.25,0,6,10.004,195.438,57.28408302780937,347,322
no,1000,0,0.12,0.25,0,7,10.016,186.942,54.814171915778246,318,340
no,1000,0,0.12,0.25,0,8,10.01,192.776,62.79149367159431,338,320
no,1000,0,0.12,0.25,0,9,10.016,191.376,49.883272808084904,335,339
no,1000,0,0.12,0.25,0,10,10.004,189.548,56.214529541643174,325,338
no,1000,0,0.12,0.25,0,11,10.01,186.042,66.7461244730522,345,326
no,1000,0,0.12,0.25,0,12,10.008,190.89,48.60212148561306,316,328
no,1000,0,0.12,0.25,0,13,10.006,198.938,54.4963049187551,340,320
no,1000,0,0.12,0.25,0,14,10.016,183.202,58.12737263839904,320,325
no,1000,0,0.12,0.25,0,15,10.016,190.072,57.106641017652585,325,324
no,1000,0,0.12,0.25,0,16,10.014,189.474,47.58580139035645,323,318
no,1000,0,0.12,0.25,0,17,9.998,197.518,65.15512315045919,323,323
no,1000,0,0.12,0.25,0,18,10.008,181.664,63.58018757087108,320,315
no,1000,0,0.12,0.25,0,19,10.01,191.576,56.33555718609226,325,338
no,1000,0,0.12,0.25,0,20,10.012,178.7,55.70632940471991,347,320
no,1000,0,0.12,0.25,0,21,10.006,192.64,50.57356541687041,306,333
no,1000,0,0.12,0.25,0,22,10.006,183.676,71.92640821532088,321,326
no,1000,0,0.12,0.25,0,23,10.008,186.016,46.64562493201355,354,334
no,1000,0,0.12,0.25,0,24,10.01,193.786,43.336887135377026,352,308
no,1000,0,0.12,0.25,0,25,10.016,186.95,54.45085253306575,313,323
no,1000,0,0.24,0.25,0,0,10.006,178.592,39.58337535404952,402,405
no,1000,0,0.24,0.25,0,1,10.012,198.256,44.386580486217774,369,370
no,1000,0,0.24,0.25,0,2,10.018,180.28,48.95458215342824,389,394
no,1000,0,0.24,0.25,0,3,10.008,182.83,59.18122325108585,387,405
no,1000,0,0.24,0.25,0,4,10.014,177.038,38.86045797455582,415,400
no,1000,0,0.24,0.25,0,5,10.016,207.88,49.87371501452561,394,398
no,1000,0,0.24,0.25,0,6,10.008,179.02,39.29199527578114,409,395
no,1000,0,0.24,0.25,0,7,10.008,180.39,47.44379873636353,395,402
no,1000,0,0.24,0.25,0,8,10.006,179.542,39.735313084560985,404,408
no,1000,0,0.24,0.25,0,9,10.002,185.004,46.59163887302137,410,400
no,1000,0,0.24,0.25,0,10,10.0,180.804,44.62150947249019,405,408
no,1000,0,0.24,0.25,0,11,10.016,179.248,47.47027576297665,416,404
no,1000,0,0.24,0.25,0,12,10.004,184.546,56.86480103596851,400,402
no,1000,0,0.24,0.25,0,13,10.02,183.384,43.33934130898622,404,391
no,1000,0,0.24,0.25,0,14,10.01,186.042,41.8719446802099,396,379
no,1000,0,0.24,0.25,0,15,10.008,186.63,57.14174323184781,397,394
no,1000,0,0.24,0.25,0,16,10.006,190.38,42.89381133213591,400,408
no,1000,0,0.24,0.25,0,17,10.016,187.032,48.88303048233205,410,410
no,1000,0,0.24,0.25,0,18,10.01,186.042,55.91422209262703,409,391
no,1000,0,0.24,0.25,0,19,10.006,192.636,47.02942270188354,385,411
no,1000,0,0.24,0.25,0,20,10.004,187.502,47.12302174545261,397,398
no,1000,0,0.24,0.25,0,21,10.002,189.834,46.27118858690064,396,398
no,1000,0,0.24,0.25,0,22,10.014,189.26,44.53395215431969,405,392
no,1000,0,0.24,0.25,0,23,10.008,198.716,45.9984671986986,399,401
no,1000,0,0.24,0.25,0,24,10.004,191.55,45.69360337525237,395,400
no,1000,0,0.24,0.25,0,25,10.008,181.144,7.4157199946794865,3,2
no,1000,0,0.36,0.25,0,0,10.014,188.354,58.14706871721492,427,428
no,1000,0,0.36,0.25,0,1,10.008,185.834,46.81507119699668,427,436
no,1000,0,0.36,0.25,0,2,10.014,178.804,41.769343294596155,427,419
no,1000,0,0.36,0.25,0,3,10.016,191.754,36.184901498290415,432,423
no,1000,0,0.36,0.25,0,4,10.014,185.422,45.66619427565106,428,434
no,1000,0,0.36,0.25,0,5,10.006,184.788,34.02904991324887,413,431
no,1000,0,0.36,0.25,0,6,10.016,197.796,41.004208227589615,416,431
no,1000,0,0.36,0.25,0,7,9.998,191.342,43.459050498071655,413,436
no,1000,0,0.36,0.25,0,8,10.01,185.146,47.358920991400076,433,435
no,1000,0,0.36,0.25,0,9,10.01,182.788,45.196213199852366,415,431
no,1000,0,0.36,0.25,0,10,10.016,183.28,42.15280352449108,437,442
no,1000,0,0.36,0.25,0,11,10.01,195.038,45.681718087982524,428,432
no,1000,0,0.36,0.25,0,12,10.018,185.902,41.74582053394206,421,432
no,1000,0,0.36,0.25,0,13,10.014,198.386,42.294950367767264,429,438
no,1000,0,0.36,0.25,0,14,10.012,189.916,55.80477815124274,428,419
no,1000,0,0.36,0.25,0,15,10.008,186.14,43.07958993641597,419,425
no,1000,0,0.36,0.25,0,16,10.006,189.742,44.95694387469422,426,416
no,1000,0,0.36,0.25,0,17,10.008,185.83,41.93673481573828,420,418
no,1000,0,0.36,0.25,0,18,10.018,181.172,35.68710395210925,437,412
no,1000,0,0.36,0.25,0,19,10.006,188.756,37.98355791275501,424,425
no,1000,0,0.36,0.25,0,20,10.002,203.764,44.56911665157046,428,432
no,1000,0,0.36,0.25,0,21,10.008,189.408,41.59481676426732,427,430
no,1000,0,0.36,0.25,0,22,10.004,181.264,32.21501859917096,426,427
no,1000,0,0.36,0.25,0,23,10.01,183.876,43.204620856351745,431,434
no,1000,0,0.36,0.25,0,24,10.012,195.386,51.140934162711105,429,429
no,1000,0,0.36,0.25,0,25,10.008,186.604,42.4950791951543,437,434
no,1000,0.3,0.0001,0.25,0,0,10.01,182.282,7.980454433995368,4,5
no,1000,0.3,0.0001,0.25,0,1,10.018,187.032,9.63452904879361,2,7
no,1000,0.3,0.0001,0.25,0,2,10.008,185.814,3.345931128911742,3,5
no,1000,0.3,0.0001,0.25,0,3,10.01,179.202,1.590986398011116,1,1
no,1000,0.3,0.0001,0.25,0,4,10.014,177.038,3.3569585041293184,8,3
no,1000,0.3,0.0001,0.25,0,5,10.0,194.334,7.291133514708837,7,7
no,1000,0.3,0.0001,0.25,0,6,10.01,196.026,7.141032481777303,9,5
no,1000,0.3,0.0001,0.25,0,7,9.998,183.494,6.058014595921023,5,2
no,1000,0.3,0.0001,0.25,0,8,10.012,198.058,3.0827949474914,3,5
no,1000,0.3,0.0001,0.25,0,9,10.002,188.14,4.287209987010414,6,7
no,1000,0.3,0.0001,0.25,0,10,10.01,192.244,6.246167771970114,4,4
no,1000,0.3,0.0001,0.25,0,11,10.01,185.722,7.430207014744207,7,7
no,1000,0.3,0.0001,0.25,0,12,10.012,177.918,6.327561884133305,5,4
no,1000,0.3,0.0001,0.25,0,13,10.01,191.686,8.140375910402826,2,5
no,1000,0.3,0.0001,0.25,0,14,10.012,190.098,7.891856826819324,3,5
no,1000,0.3,0.0001,0.25,0,15,9.998,189.776,10.856225184671294,2,8
no,1000,0.3,0.0001,0.25,0,16,10.01,198.03,1.9776649286832144,5,7
no,1000,0.3,0.0001,0.25,0,17,10.014,180.062,8.928012465107267,6,6
no,1000,0.3,0.0001,0.25,0,18,10.004,177.886,2.5141721179300567,4,1
no,1000,0.3,0.0001,0.25,0,19,10.012,181.498,7.5190348872143336,10,4
no,1000,0.3,0.0001,0.25,0,20,10.016,181.198,6.255508025857894,7,3
no,1000,0.3,0.0001,0.25,0,21,10.01,198.03,4.127491438190349,2,6
no,1000,0.3,0.0001,0.25,0,22,9.994,185.57,5.964765172935819,8,4
no,1000,0.3,0.0001,0.25,0,23,10.008,184.49,9.426052183174686,4,4
no,1000,0.3,0.0001,0.25,0,24,10.01,187.276,5.850393899362524,9,5
no,1000,0.3,0.0001,0.25,0,25,10.018,187.366,3.085165498133338,9,5
no,1000,0.3,0.001,0.25,0,0,10.018,186.88,3.8614294002575287,6,10
no,1000,0.3,0.001,0.25,0,1,10.014,191.328,9.95137708880216,5,7
no,1000,0.3,0.001,0.25,0,2,10.014,195.584,2.452273847951976,3,5
no,1000,0.3,0.001,0.25,0,3,10.004,195.456,5.226673820235028,8,1
no,1000,0.3,0.001,0.25,0,4,10.018,193.068,2.696558989043311,4,2
no,1000,0.3,0.001,0.25,0,5,10.008,192.378,5.383882340215477,3,10
no,1000,0.3,0.001,0.25,0,6,9.996,179.73,7.826883702838398,4,8
no,1000,0.3,0.001,0.25,0,7,10.008,181.15,7.026195771349514,5,9
no,1000,0.3,0.001,0.25,0,8,10.01,192.258,4.284725380475203,7,3
no,1000,0.3,0.001,0.25,0,9,10.014,188.146,3.6575855539329725,7,8
no,1000,0.3,0.001,0.25,0,10,10.01,186.0,4.000339229107972,7,3
no,1000,0.3,0.001,0.25,0,11,10.014,177.038,10.65292431038081,9,6
no,1000,0.3,0.001,0.25,0,12,10.008,192.65,7.982649221293384,9,6
no,1000,0.3,0.001,0.25,0,13,10.006,180.042,4.842420896525114,2,6
no,1000,0.3,0.001,0.25,0,14,10.008,187.52,14.49634440421907,5,8
no,1000,0.3,0.001,0.25,0,15,10.016,184.626,9.907950691236152,3,6
no,1000,0.3,0.001,0.25,0,16,10.006,183.632,5.658961771325158,6,3
no,1000,0.3,0.001,0.25,0,17,10.01,192.238,5.436635399791406,1,4
no,1000,0.3,0.001,0.25,0,18,10.008,194.57,14.8767218092217,6,5
no,1000,0.3,0.001,0.25,0,19,10.014,177.038,3.346363746032579,7,5
no,1000,0.3,0.001,0.25,0,20,10.004,182.836,4.48873810425377,5,5
no,1000,0.3,0.001,0.25,0,21,10.006,195.576,7.025900825016779,5,2
no,1000,0.3,0.001,0.25,0,22,10.0,182.5,3.063086766866388,8,2
no,1000,0.3,0.001,0.25,0,23,10.012,193.592,5.134624782057368,9,3
no,1000,0.3,0.001,0.25,0,24,10.008,184.126,5.714572338281555,4,7
no,1000,0.3,0.001,0.25,0,25,10.008,176.674,18.74222822818809,8,8
no,1000,0.3,0.005,0.25,0,0,10.0,185.282,2.4108830718456105,3,5
no,1000,0.3,0.005,0.25,0,1,10.008,180.374,4.64842869856319,4,6
no,1000,0.3,0.005,0.25,0,2,10.0,185.622,8.597670485916964,3,4
no,1000,0.3,0.005,0.25,0,3,10.016,178.982,3.5388229535345648,6,5
no,1000,0.3,0.005,0.25,0,4,10.014,185.946,2.4283130109823046,5,4
no,1000,0.3,0.005,0.25,0,5,10.014,191.226,5.342216683770174,4,6
no,1000,0.3,0.005,0.25,0,6,10.008,190.23,25.952888597507176,12,4
no,1000,0.3,0.005,0.25,0,7,10.006,188.092,8.167109229067412,10,6
no,1000,0.3,0.005,0.25,0,8,10.01,197.88,11.827204435155934,9,12
no,1000,0.3,0.005,0.25,0,9,10.006,178.358,7.710321682547658,4,7
no,1000,0.3,0.005,0.25,0,10,10.008,192.384,2.1032604283116836,3,5
no,1000,0.3,0.005,0.25,0,11,9.994,184.466,9.02295725694377,8,5
no,1000,0.3,0.005,0.25,0,12,10.012,191.558,9.789085351207643,6,4
no,1000,0.3,0.005,0.25,0,13,10.01,187.77,10.02304223512144,8,7
no,1000,0.3,0.005,0.25,0,14,10.016,191.746,10.266244265452386,9,3
no,1000,0.3,0.005,0.25,0,15,10.01,182.292,6.090545575846821,7,2
no,1000,0.3,0.005,0.25,0,16,10.004,195.536,14.707184545306562,8,9
no,1000,0.3,0.005,0.25,0,17,10.012,198.59,16.04745548559757,9,11
no,1000,0.3,0.005,0.25,0,18,10.008,182.146,19.427201427255834,4,7
no,1000,0.3,0.005,0.25,0,19,10.01,189.56,4.896745434073287,4,3
no,1000,0.3,0.005,0.25,0,20,10.006,191.342,8.120947122879235,5,7
no,1000,0.3,0.005,0.25,0,21,10.014,177.038,2.485540681638288,0,4
no,1000,0.3,0.005,0.25,0,22,10.006,189.956,5.894695510235038,7,8
no,1000,0.3,0.005,0.25,0,23,10.014,192.432,12.844105265168249,11,5
no,1000,0.3,0.005,0.25,0,24,10.01,186.042,16.778701473648148,8,4
no,1000,0.3,0.005,0.25,0,25,10.01,190.444,3.268978197872207,1,5
no,1000,0.3,0.01,0.25,0,0,10.002,188.142,5.253487058524994,6,4
no,1000,0.3,0.01,0.25,0,1,10.012,197.466,6.95479049583828,5,5
no,1000,0.3,0.01,0.25,0,2,10.014,188.312,20.862177665264866,9,14
no,1000,0.3,0.01,0.25,0,3,10.012,185.902,4.668872914098346,5,10
no,1000,0.3,0.01,0.25,0,4,10.018,199.318,8.123701880111298,5,4
no,1000,0.3,0.01,0.25,0,5,10.01,180.67,2.7762067886498443,1,8
no,1000,0.3,0.01,0.25,0,6,10.01,185.918,6.712779859084767,8,7
no,1000,0.3,0.01,0.25,0,7,10.01,190.394,9.049532273931318,2,10
no,1000,0.3,0.01,0.25,0,8,10.008,182.16,22.23473481380644,3,3
no,1000,0.3,0.01,0.25,0,9,10.008,187.042,7.327307740228697,14,2
no,1000,0.3,0.01,0.25,0,10,10.01,179.116,16.562100790152428,5,19
no,1000,0.3,0.01,0.25,0,11,10.012,189.658,12.360788660601804,9,5
no,1000,0.3,0.01,0.25,0,12,10.004,183.086,17.6328227129433,7,6
no,1000,0.3,0.01,0.25,0,13,10.014,187.686,5.641948990687277,11,7
no,1000,0.3,0.01,0.25,0,14,10.016,183.638,11.368877924855706,2,10
no,1000,0.3,0.01,0.25,0,15,10.014,180.062,21.610564498961015,15,13
no,1000,0.3,0.01,0.25,0,16,10.004,182.71,23.89889583303625,6,6
no,1000,0.3,0.01,0.25,0,17,10.0,191.506,21.09294860232952,12,4
no,1000,0.3,0.01,0.25,0,18,10.008,183.73,8.317403010549558,6,4
no,1000,0.3,0.01,0.25,0,19,10.012,189.232,5.483487942109303,9,2
no,1000,0.3,0.01,0.25,0,20,10.004,174.656,3.5829661597423343,6,1
no,1000,0.3,0.01,0.25,0,21,9.996,182.268,42.66577189712743,7,14
no,1000,0.3,0.01,0.25,0,22,10.008,187.812,20.896324253265853,7,7
no,1000,0.3,0.01,0.25,0,23,10.014,188.016,7.33301910935007,8,6
no,1000,0.3,0.01,0.25,0,24,10.008,176.692,5.1229764200549415,2,4
no,1000,0.3,0.01,0.25,0,25,10.012,183.882,10.941636203946834,6,8
no,1000,0.3,0.015,0.25,0,0,10.008,191.818,15.321824168411997,7,6
no,1000,0.3,0.015,0.25,0,1,10.006,179.794,5.3907146152077745,9,4
no,1000,0.3,0.015,0.25,0,2,10.02,195.226,48.750779112919396,11,8
no,1000,0.3,0.015,0.25,0,3,10.01,182.302,24.021562331565327,14,18
no,1000,0.3,0.015,0.25,0,4,10.014,195.612,37.82938784074818,15,11
no,1000,0.3,0.015,0.25,0,5,10.01,184.92,6.583671614917263,12,9
no,1000,0.3,0.015,0.25,0,6,10.014,198.374,20.39304298400122,16,18
no,1000,0.3,0.015,0.25,0,7,10.006,187.41,12.626958178388865,12,11
no,1000,0.3,0.015,0.25,0,8,10.006,191.33,3.550293963920713,0,7
no,1000,0.3,0.015,0.25,0,9,10.004,181.392,18.14204231610002,8,7
no,1000,0.3,0.015,0.25,0,10,10.016,189.952,34.74094436886743,9,15
no,1000,0.3,0.015,0.25,0,11,10.004,181.264,11.125135364987141,7,0
no,1000,0.3,0.015,0.25,0,12,10.008,180.336,0.9278288924813722,4,4
no,1000,0.3,0.015,0.25,0,13,10.02,198.476,8.454104818947734,4,7
no,1000,0.3,0.015,0.25,0,14,10.01,187.798,6.726225954874517,14,8
no,1000,0.3,0.015,0.25,0,15,10.01,188.072,13.147386769029056,13,5
no,1000,0.3,0.015,0.25,0,16,10.01,193.46,9.786459294931701,7,5
no,1000,0.3,0.015,0.25,0,17,10.016,183.638,5.348249846504248,3,3
no,1000,0.3,0.015,0.25,0,18,10.008,180.336,25.911566488919213,11,12
no,1000,0.3,0.015,0.25,0,19,10.0,182.596,46.79455654791354,8,20
no,1000,0.3,0.015,0.25,0,20,10.004,192.144,44.04527833110432,11,20
no,1000,0.3,0.015,0.25,0,21,9.994,186.774,10.084622789157727,8,6
no,1000,0.3,0.015,0.25,0,22,10.01,177.362,10.582079209128796,5,12
no,1000,0.3,0.015,0.25,0,23,10.01,181.174,8.708609545119161,8,6
no,1000,0.3,0.015,0.25,0,24,10.006,178.89,32.04022223567274,18,11
no,1000,0.3,0.015,0.25,0,25,10.012,191.5,2.119489880528598,8,6
no,1000,0.3,0.03,0.25,0,0,10.014,177.038,8.748769492615367,4,6
no,1000,0.3,0.03,0.25,0,1,10.012,188.666,70.93832537434908,107,76
no,1000,0.3,0.03,0.25,0,2,10.016,191.274,14.107020448552378,11,8
no,1000,0.3,0.03,0.25,0,3,10.01,185.984,60.23047182278433,31,32
no,1000,0.3,0.03,0.25,0,4,9.994,183.166,7.048582098980793,6,3
no,1000,0.3,0.03,0.25,0,5,10.01,193.616,73.8712823815594,82,99
no,1000,0.3,0.03,0.25,0,6,10.016,178.91,165.62260977092384,102,94
no,1000,0.3,0.03,0.25,0,7,10.012,181.752,12.33691104644573,6,15
no,1000,0.3,0.03,0.25,0,8,10.02,188.724,10.139290416865643,4,16
no,1000,0.3,0.03,0.25,0,9,10.01,193.806,13.275632412950616,10,4
no,1000,0.3,0.03,0.25,0,10,10.004,192.434,32.07833660810947,9,22
no,1000,0.3,0.03,0.25,0,11,10.014,195.596,24.125398846105067,7,12
no,1000,0.3,0.03,0.25,0,12,10.002,188.124,59.35836131655622,67,30
no,1000,0.3,0.03,0.25,0,13,10.014,198.356,11.520368219690301,6,3
no,1000,0.3,0.03,0.25,0,14,10.016,192.544,58.71311796755771,38,66
no,1000,0.3,0.03,0.25,0,15,10.008,192.606,12.054377504481877,7,13
no,1000,0.3,0.03,0.25,0,16,10.008,193.01,25.739995851236127,10,9
no,1000,0.3,0.03,0.25,0,17,10.01,190.702,36.143840001274285,19,14
no,1000,0.3,0.03,0.25,0,18,10.004,184.666,21.074745426133813,3,3
no,1000,0.3,0.03,0.25,0,19,10.014,179.774,23.62820776021555,27,14
no,1000,0.3,0.03,0.25,0,20,10.0,183.722,68.1836515234568,77,93
no,1000,0.3,0.03,0.25,0,21,10.018,182.792,14.784761483876089,8,3
no,1000,0.3,0.03,0.25,0,22,10.008,182.386,66.23197361023674,45,46
no,1000,0.3,0.03,0.25,0,23,10.014,180.54,2.67230617447773,2,4
no,1000,0.3,0.03,0.25,0,24,10.016,207.452,18.029606432818106,14,9
no,1000,0.3,0.03,0.25,0,25,10.02,187.68,11.15209307033335,9,3
no,1000,0.3,0.04,0.25,0,0,10.004,192.434,26.697185800679794,8,18
no,1000,0.3,0.04,0.25,0,1,10.012,187.94,79.90982596765966,88,116
no,1000,0.3,0.04,0.25,0,2,10.012,189.558,3.3150796767423394,1,2
no,1000,0.3,0.04,0.25,0,3,10.01,182.36,87.56020505534828,180,121
no,1000,0.3,0.04,0.25,0,4,10.004,189.086,73.92508164163355,130,147
no,1000,0.3,0.04,0.25,0,5,10.0,186.652,48.172617492642516,17,11
no,1000,0.3,0.04,0.25,0,6,10.018,195.128,13.345067401429773,7,8
no,1000,0.3,0.04,0.25,0,7,10.012,196.118,2.3825492248678763,2,4
no,1000,0.3,0.04,0.25,0,8,10.012,185.88,79.18075364902698,97,55
no,1000,0.3,0.04,0.25,0,9,10.01,188.86,63.68075786560435,105,64
no,1000,0.3,0.04,0.25,0,10,10.014,199.218,21.87937951585549,8,9
no,1000,0.3,0.04,0.25,0,11,10.008,190.596,132.20139626760283,95,98
no,1000,0.3,0.04,0.25,0,12,10.01,196.026,87.08331322686153,151,119
no,1000,0.3,0.04,0.25,0,13,9.994,183.172,21.67032089853562,17,11
no,1000,0.3,0.04,0.25,0,14,10.014,179.942,152.8364243003016,82,108
no,1000,0.3,0.04,0.25,0,15,10.014,181.404,68.90012263603137,84,83
no,1000,0.3,0.04,0.25,0,16,10.016,190.75,53.14637437531359,27,11
no,1000,0.3,0.04,0.25,0,17,10.008,186.906,65.50812414359278,32,44
no,1000,0.3,0.04,0.25,0,18,10.01,184.918,31.809825568091462,13,5
no,1000,0.3,0.04,0.25,0,19,10.01,192.312,92.70875021255519,110,121
no,1000,0.3,0.04,0.25,0,20,10.006,187.41,141.22467976203865,167,105
no,1000,0.3,0.04,0.25,0,21,10.008,185.826,25.14621101914456,5,21
no,1000,0.3,0.04,0.25,0,22,10.004,184.708,98.15379554948686,127,114
no,1000,0.3,0.04,0.25,0,23,10.01,196.018,95.53541454072494,101,106
no,1000,0.3,0.04,0.25,0,24,10.008,180.336,95.77833835627841,26,65
no,1000,0.3,0.04,0.25,0,25,10.016,187.924,96.95219627607928,100,105
no,1000,0.3,0.06,0.25,0,0,10.002,184.516,76.86901578622606,210,225
no,1000,0.3,0.06,0.25,0,1,10.008,182.38,84.73339089432652,220,225
no,1000,0.3,0.06,0.25,0,2,10.002,178.712,98.27248569801584,208,214
no,1000,0.3,0.06,0.25,0,3,10.012,188.514,80.54726698477567,198,188
no,1000,0.3,0.06,0.25,0,4,10.008,180.336,82.01219800928556,172,211
no,1000,0.3,0.06,0.25,0,5,10.006,190.356,17.809289522698645,5,7
no,1000,0.3,0.06,0.25,0,6,10.01,186.526,70.03370362375344,202,200
no,1000,0.3,0.06,0.25,0,7,10.018,199.31,34.74288311560872,11,12
no,1000,0.3,0.06,0.25,0,8,10.014,191.798,94.45372943160721,227,219
no,1000,0.3,0.06,0.25,0,9,10.008,187.842,96.35821603360709,201,204
no,1000,0.3,0.06,0.25,0,10,10.014,191.394,58.664261047873055,214,218
no,1000,0.3,0.06,0.25,0,11,10.01,197.964,77.00818732559374,214,199
no,1000,0.3,0.06,0.25,0,12,10.018,189.522,60.360102146784286,200,212
no,1000,0.3,0.06,0.25,0,13,10.018,185.076,75.37847885960454,223,235
no,1000,0.3,0.06,0.25,0,14,10.01,193.522,85.22877866234573,163,188
no,1000,0.3,0.06,0.25,0,15,10.014,177.038,62.47487216863085,184,233
no,1000,0.3,0.06,0.25,0,16,9.996,190.074,78.04940449761878,203,183
no,1000,0.3,0.06,0.25,0,17,10.008,176.218,77.95995755860203,176,226
no,1000,0.3,0.06,0.25,0,18,10.0,182.492,11.97010820633945,2,4
no,1000,0.3,0.06,0.25,0,19,10.012,189.558,76.65556235524389,200,223
no,1000,0.3,0.06,0.25,0,20,10.012,191.03,67.93811052693302,180,192
no,1000,0.3,0.06,0.25,0,21,10.02,198.794,79.14631149762275,245,208
no,1000,0.3,0.06,0.25,0,22,10.012,210.812,65.13197412605125,200,205
no,1000,0.3,0.06,0.25,0,23,10.006,188.258,73.55629234613299,213,199
no,1000,0.3,0.06,0.25,0,24,10.006,182.102,80.84019804435603,198,169
no,1000,0.3,0.06,0.25,0,25,10.008,195.296,5.955155623767215,0,3
no,1000,0.3,0.075,0.25,0,0,10.006,201.476,54.51017461725337,241,250
no,1000,0.3,0.075,0.25,0,1,10.01,184.238,80.87681556087027,252,224
no,1000,0.3,0.075,0.25,0,2,10.014,198.368,58.712902815464126,278,250
no,1000,0.3,0.075,0.25,0,3,10.02,179.708,91.01082545277255,215,232
no,1000,0.3,0.075,0.25,0,4,10.008,192.62,65.99339946738769,244,258
no,1000,0.3,0.075,0.25,0,5,10.006,187.236,84.58620379062643,257,249
no,1000,0.3,0.075,0.25,0,6,10.012,183.334,74.85855383420453,272,262
no,1000,0.3,0.075,0.25,0,7,10.018,189.522,64.42360354821697,234,249
no,1000,0.3,0.075,0.25,0,8,10.004,186.968,73.31644797515041,249,238
no,1000,0.3,0.075,0.25,0,9,10.012,196.19,84.43707882302665,252,291
no,1000,0.3,0.075,0.25,0,10,10.008,192.224,66.79203853763889,245,223
no,1000,0.3,0.075,0.25,0,11,10.018,193.068,62.20835740436247,242,232
no,1000,0.3,0.075,0.25,0,12,10.004,183.222,70.16969258770175,240,266
no,1000,0.3,0.075,0.25,0,13,10.016,180.744,80.20972352856381,215,190
no,1000,0.3,0.075,0.25,0,14,10.018,208.144,62.708868316107086,222,193
no,1000,0.3,0.075,0.25,0,15,10.004,181.264,67.0802329672492,267,301
no,1000,0.3,0.075,0.25,0,16,10.012,190.072,60.39627312118415,231,257
no,1000,0.3,0.075,0.25,0,17,10.006,190.336,63.6960431453621,241,259
no,1000,0.3,0.075,0.25,0,18,10.012,196.164,67.2281150674177,241,242
no,1000,0.3,0.075,0.25,0,19,10.008,176.228,71.12381777734322,235,231
no,1000,0.3,0.075,0.25,0,20,10.0,188.054,50.58922104413583,261,263
no,1000,0.3,0.075,0.25,0,21,10.016,180.106,76.54368555999551,245,247
no,1000,0.3,0.075,0.25,0,22,10.02,185.59,0.9367720998600441,2,2
no,1000,0.3,0.075,0.25,0,23,10.01,181.066,80.50766472782573,269,259
no,1000,0.3,0.075,0.25,0,24,10.004,181.264,72.65692702284247,258,275
no,1000,0.3,0.075,0.25,0,25,10.012,190.074,61.54658040677608,258,282
no,1000,0.3,0.1,0.25,0,0,10.0,187.088,57.558221721184125,323,308
no,1000,0.3,0.1,0.25,0,1,10.012,183.172,57.93442626070418,302,301
no,1000,0.3,0.1,0.25,0,2,10.01,180.306,73.88582296778272,297,312
no,1000,0.3,0.1,0.25,0,3,10.008,192.612,61.60731406824052,310,323
no,1000,0.3,0.1,0.25,0,4,10.012,183.214,58.70316474747719,313,303
no,1000,0.3,0.1,0.25,0,5,10.012,185.634,66.0502292109769,309,304
no,1000,0.3,0.1,0.25,0,6,10.008,178.06,59.58668409072752,324,319
no,1000,0.3,0.1,0.25,0,7,10.008,192.65,5.903708042144952,10,8
no,1000,0.3,0.1,0.25,0,8,10.006,180.056,56.603225203774116,311,307
no,1000,0.3,0.1,0.25,0,9,10.012,183.196,67.21863153632893,314,312
no,1000,0.3,0.1,0.25,0,10,9.998,184.364,62.789083066193655,318,319
no,1000,0.3,0.1,0.25,0,11,10.002,189.016,51.777150995750304,291,318
no,1000,0.3,0.1,0.25,0,12,10.01,182.172,2.9305823879391224,1,3
no,1000,0.3,0.1,0.25,0,13,10.006,185.438,59.05496554876264,299,287
no,1000,0.3,0.1,0.25,0,14,10.01,194.972,63.75117149385522,287,298
no,1000,0.3,0.1,0.25,0,15,10.012,198.078,73.66777801166936,282,294
no,1000,0.3,0.1,0.25,0,16,10.016,198.112,63.33860928796592,320,306
no,1000,0.3,0.1,0.25,0,17,10.016,186.128,94.52419553562125,285,285
no,1000,0.3,0.1,0.25,0,18,10.004,181.264,49.06803497516055,308,318
no,1000,0.3,0.1,0.25,0,19,10.004,192.136,60.22889277308885,294,310
no,1000,0.3,0.1,0.25,0,20,10.008,177.0,69.31617376192744,303,303
no,1000,0.3,0.1,0.25,0,21,10.006,185.55,50.07070673457734,288,308
no,1000,0.3,0.1,0.25,0,22,10.008,176.702,87.42856942715764,297,285
no,1000,0.3,0.1,0.25,0,23,10.016,175.362,74.55607597189969,290,287
no,1000,0.3,0.1,0.25,0,24,10.012,180.422,64.4570791370091,290,316
no,1000,0.3,0.1,0.25,0,25,10.02,193.642,80.56456670562152,279,282
no,1000,0.3,0.12,0.25,0,0,10.018,198.368,42.55905125745446,321,316
no,1000,0.3,0.12,0.25,0,1,10.014,191.394,54.06845110382456,330,316
no,1000,0.3,0.12,0.25,0,2,10.008,185.022,55.9251898847726,319,318
no,1000,0.3,0.12,0.25,0,3,10.002,203.746,65.24090631327502,325,314
no,1000,0.3,0.12,0.25,0,4,10.012,184.616,55.10539752366469,331,340
no,1000,0.3,0.12,0.25,0,5,10.018,191.894,48.79493648776743,346,338
no,1000,0.3,0.12,0.25,0,6,10.012,185.892,60.934575962586145,316,324
no,1000,0.3,0.12,0.25,0,7,10.012,198.624,59.55040263753119,314,317
no,1000,0.3,0.12,0.25,0,8,10.016,191.25,51.695715188160925,324,315
no,1000,0.3,0.12,0.25,0,9,10.01,194.972,57.34466138541787,332,307
no,1000,0.3,0.12,0.25,0,10,10.014,179.942,56.243351043651515,316,326
no,1000,0.3,0.12,0.25,0,11,10.006,195.544,56.149985706898754,320,333
no,1000,0.3,0.12,0.25,0,12,10.014,198.718,56.720548061188474,333,320
no,1000,0.3,0.12,0.25,0,13,10.0,197.214,47.10402622557894,331,336
no,1000,0.3,0.12,0.25,0,14,10.014,179.942,13.732719360868975,3,5
no,1000,0.3,0.12,0.25,0,15,10.01,180.666,51.22664552203634,318,313
no,1000,0.3,0.12,0.25,0,16,10.008,186.91,51.37449975605962,334,308
no,1000,0.3,0.12,0.25,0,17,10.01,193.872,44.524713063445574,309,334
no,1000,0.3,0.12,0.25,0,18,10.01,195.404,76.6220915347137,314,320
no,1000,0.3,0.12,0.25,0,19,10.012,210.8,54.88557409074721,321,311
no,1000,0.3,0.12,0.25,0,20,10.008,189.82,48.13924327336408,338,305
no,1000,0.3,0.12,0.25,0,21,10.008,198.41,54.78010956843023,325,296
no,1000,0.3,0.12,0.25,0,22,10.008,193.188,54.85915893731172,347,351
no,1000,0.3,0.12,0.25,0,23,10.016,187.256,48.08943442918087,335,331
no,1000,0.3,0.12,0.25,0,24,10.006,185.55,65.80556531363325,318,328
no,1000,0.3,0.12,0.25,0,25,10.012,181.114,60.42651113757051,338,326
no,1000,0.3,0.24,0.25,0,0,10.02,190.8,36.87835499852481,385,375
no,1000,0.3,0.24,0.25,0,1,10.004,177.882,46.7365813776926,407,400
no,1000,0.3,0.24,0.25,0,2,10.004,196.416,32.43771526280962,397,389
no,1000,0.3,0.24,0.25,0,3,10.012,184.926,51.1114449373346,416,416
no,1000,0.3,0.24,0.25,0,4,10.006,187.922,37.60319019213202,390,392
no,1000,0.3,0.24,0.25,0,5,10.006,198.17,53.19846937029034,387,394
no,1000,0.3,0.24,0.25,0,6,10.002,185.7,42.99346299440879,391,408
no,1000,0.3,0.24,0.25,0,7,10.008,202.054,40.28008308822309,400,403
no,1000,0.3,0.24,0.25,0,8,10.01,179.278,49.689710475791564,412,406
no,1000,0.3,0.24,0.25,0,9,10.01,195.568,60.58290670814547,399,397
no,1000,0.3,0.24,0.25,0,10,10.012,180.768,42.236025312920084,393,394
no,1000,0.3,0.24,0.25,0,11,10.004,183.098,45.566735225357164,392,407
no,1000,0.3,0.24,0.25,0,12,10.006,182.1,42.63342522694016,399,382
no,1000,0.3,0.24,0.25,0,13,10.01,190.886,74.26244678199158,407,399
no,1000,0.3,0.24,0.25,0,14,10.016,188.352,37.655078780561226,387,384
no,1000,0.3,0.24,0.25,0,15,10.012,183.61,45.27445552956392,392,398
no,1000,0.3,0.24,0.25,0,16,10.01,180.668,53.60560449906291,395,409
no,1000,0.3,0.24,0.25,0,17,10.012,189.996,39.55568586690404,399,406
no,1000,0.3,0.24,0.25,0,18,10.012,189.558,43.51017880688387,386,409
no,1000,0.3,0.24,0.25,0,19,10.02,195.226,59.2414057802804,396,399
no,1000,0.3,0.24,0.25,0,20,10.006,182.45,37.8658199201464,404,407
no,1000,0.3,0.24,0.25,0,21,10.016,183.638,52.910521966379626,404,401
no,1000,0.3,0.24,0.25,0,22,10.012,198.66,40.705030458147874,376,383
no,1000,0.3,0.24,0.25,0,23,10.004,178.056,51.85752135288728,415,410
no,1000,0.3,0.24,0.25,0,24,10.0,180.678,38.54837199272602,393,393
no,1000,0.3,0.24,0.25,0,25,10.018,181.4,60.185927687233935,413,390
yes,1000,0.3,0.36,0.25,0,0,100.246,10039.05,42.7708912238051,500,500
no,1000,0.3,0.36,0.25,0,1,10.014,187.428,39.38289240437948,435,431
no,1000,0.3,0.36,0.25,0,2,10.008,178.284,42.326919662071134,427,414
no,1000,0.3,0.36,0.25,0,3,10.01,189.032,43.081462582624084,424,428
no,1000,0.3,0.36,0.25,0,4,10.008,176.71,54.8219968027147,417,437
no,1000,0.3,0.36,0.25,0,5,10.012,194.218,48.836005967253975,423,422
no,1000,0.3,0.36,0.25,0,6,10.016,190.34,41.96429233963174,408,422
no,1000,0.3,0.36,0.25,0,7,10.006,180.902,39.00079272275199,433,420
no,1000,0.3,0.36,0.25,0,8,10.004,182.836,49.64582757040431,427,418
no,1000,0.3,0.36,0.25,0,9,10.014,179.976,38.03206158421927,425,419
no,1000,0.3,0.36,0.25,0,10,10.014,199.2,47.983873179547516,442,421
no,1000,0.3,0.36,0.25,0,11,10.012,176.564,37.8036843019828,436,428
no,1000,0.3,0.36,0.25,0,12,10.014,179.942,43.10022605890804,428,420
no,1000,0.3,0.36,0.25,0,13,9.992,179.782,36.92088057789327,425,420
no,1000,0.3,0.36,0.25,0,14,10.004,187.988,40.38558105631598,416,437
no,1000,0.3,0.36,0.25,0,15,10.014,200.134,38.06571598789378,426,423
no,1000,0.3,0.36,0.25,0,16,10.016,181.584,50.93526771216233,421,428
no,1000,0.3,0.36,0.25,0,17,10.012,183.166,41.47137417988597,425,442
no,1000,0.3,0.36,0.25,0,18,10.01,189.286,55.72198558623908,433,424
no,1000,0.3,0.36,0.25,0,19,10.006,178.746,46.43976847903991,421,431
no,1000,0.3,0.36,0.25,0,20,10.008,190.594,54.70187880502672,436,414
no,1000,0.3,0.36,0.25,0,21,10.016,186.38,44.839349043320205,423,416
no,1000,0.3,0.36,0.25,0,22,10.016,192.96,35.623504809564416,411,420
no,1000,0.3,0.36,0.25,0,23,10.008,177.172,40.63867736879513,434,426
no,1000,0.3,0.36,0.25,0,24,10.018,181.4,44.88363522433971,433,438
no,1000,0.3,0.36,0.25,0,25,10.008,187.752,37.01973809644001,431,431
